format	2
image	atlas_2.webp
cell_size	16	20
world_cell_aspect	1.25
default_zoom	2
placeholder	1	1	16	20
worldmap_tile_color	world_deep_scar	48	31	36	255
worldmap_tile_color	world_forest	34	82	44	255
worldmap_tile_color	world_high_mountain	135	138	130	255
worldmap_tile_color	world_hills	112	92	57	255
worldmap_tile_color	world_mountain	86	84	82	255
worldmap_tile_color	world_plains	87	105	58	255
worldmap_tile_color	world_road	135	103	58	255
worldmap_tile_color	world_scar	85	43	45	255
worldmap_tile_color	world_shore	143	124	78	255
worldmap_tile_color	world_swamp	45	75	67	255
worldmap_tile_color	world_water	35	67	92	255
tile_random	zone_tiles/zone_tile_blackglass_field.png
tile_random	zone_tiles/zone_tile_blackglass_floor.png
tile_random	zone_tiles/zone_tile_blackglass_wall.png
tile_random	zone_tiles/zone_tile_deep_water.png
tile_random	zone_tiles/zone_tile_dirt_dry.png
tile_random	zone_tiles/zone_tile_dirt_wet.png
tile_random	zone_tiles/zone_tile_fence.png
tile_random	zone_tiles/zone_tile_fence_dark.png
tile_random	zone_tiles/zone_tile_grass_dark.png
tile_random	zone_tiles/zone_tile_grass_light.png
tile_random	zone_tiles/zone_tile_marble_floor.png
tile_random	zone_tiles/zone_tile_marble_wall.png
tile_random	zone_tiles/zone_tile_road_cobblestone.png
tile_random	zone_tiles/zone_tile_road_dirt.png
tile_random	zone_tiles/zone_tile_rock_wall.png
tile_random	zone_tiles/zone_tile_sand.png
tile_random	zone_tiles/zone_tile_shallow_water.png
tile_random	zone_tiles/zone_tile_still_water.png
tile_random	zone_tiles/zone_tile_stone_fence.png
tile_random	zone_tiles/zone_tile_stonebrick_wall.png
tile_random	zone_tiles/zone_tile_wood_floor.png
tile_random	zone_tiles/zone_tile_wood_wall.png
tile_fringe9	zone_wall_shadow
tile_fringe9	zone_deep_water
tile_fringe9	zone_shallow_water
tile_fringe9	zone_still_water
tile_fringe9	zone_sand
tile_fringe9	zone_road_dirt
tile_fringe9	zone_road_cobblestone
tile_fringe9	zone_grass_dark
tile_fringe9	zone_grass_light
tile_fringe9	zone_dirt_dry
tile_fringe9	zone_dirt_wet
tile_edge_trim	zone_stonebrick_wall	zone_stonebrick_floor	zone_wall_shadow	s
tile_edge_trim	zone_stonebrick_wall	zone_rock_floor	zone_wall_shadow	s
tile_edge_trim	zone_stonebrick_wall	zone_wood_floor	zone_wall_shadow	s
tile_edge_trim	zone_stonebrick_wall	zone_dirt	zone_wall_shadow	s
tile_edge_trim	zone_stonebrick_wall	zone_grass	zone_wall_shadow	s
tile_edge_trim	zone_stonebrick_wall	zone_sand	zone_wall_shadow	s
tile_edge_trim	zone_stonebrick_wall	zone_road	zone_wall_shadow	s
tile_edge_trim	zone_stonebrick_wall	zone_blackglass_field	zone_wall_shadow	s
tile_edge_trim	zone_stonebrick_wall	zone_blackglass_floor	zone_wall_shadow	s
tile_edge_trim	zone_stonebrick_wall	zone_marble_floor	zone_wall_shadow	s
tile_edge_trim	zone_stonebrick_wall	zone_whitebrick_floor	zone_wall_shadow	s
tile_edge_trim	zone_rock_wall	zone_stonebrick_floor	zone_wall_shadow	s
tile_edge_trim	zone_rock_wall	zone_rock_floor	zone_wall_shadow	s
tile_edge_trim	zone_rock_wall	zone_wood_floor	zone_wall_shadow	s
tile_edge_trim	zone_rock_wall	zone_dirt	zone_wall_shadow	s
tile_edge_trim	zone_rock_wall	zone_grass	zone_wall_shadow	s
tile_edge_trim	zone_rock_wall	zone_sand	zone_wall_shadow	s
tile_edge_trim	zone_rock_wall	zone_road	zone_wall_shadow	s
tile_edge_trim	zone_rock_wall	zone_blackglass_field	zone_wall_shadow	s
tile_edge_trim	zone_rock_wall	zone_blackglass_floor	zone_wall_shadow	s
tile_edge_trim	zone_rock_wall	zone_marble_floor	zone_wall_shadow	s
tile_edge_trim	zone_rock_wall	zone_whitebrick_floor	zone_wall_shadow	s
tile_edge_trim	zone_wood_wall	zone_stonebrick_floor	zone_wall_shadow	s
tile_edge_trim	zone_wood_wall	zone_rock_floor	zone_wall_shadow	s
tile_edge_trim	zone_wood_wall	zone_wood_floor	zone_wall_shadow	s
tile_edge_trim	zone_wood_wall	zone_dirt	zone_wall_shadow	s
tile_edge_trim	zone_wood_wall	zone_grass	zone_wall_shadow	s
tile_edge_trim	zone_wood_wall	zone_sand	zone_wall_shadow	s
tile_edge_trim	zone_wood_wall	zone_road	zone_wall_shadow	s
tile_edge_trim	zone_wood_wall	zone_blackglass_field	zone_wall_shadow	s
tile_edge_trim	zone_wood_wall	zone_blackglass_floor	zone_wall_shadow	s
tile_edge_trim	zone_wood_wall	zone_marble_floor	zone_wall_shadow	s
tile_edge_trim	zone_wood_wall	zone_whitebrick_floor	zone_wall_shadow	s
tile_edge_trim	zone_blackglass_wall	zone_stonebrick_floor	zone_wall_shadow	s
tile_edge_trim	zone_blackglass_wall	zone_rock_floor	zone_wall_shadow	s
tile_edge_trim	zone_blackglass_wall	zone_wood_floor	zone_wall_shadow	s
tile_edge_trim	zone_blackglass_wall	zone_dirt	zone_wall_shadow	s
tile_edge_trim	zone_blackglass_wall	zone_grass	zone_wall_shadow	s
tile_edge_trim	zone_blackglass_wall	zone_sand	zone_wall_shadow	s
tile_edge_trim	zone_blackglass_wall	zone_road	zone_wall_shadow	s
tile_edge_trim	zone_blackglass_wall	zone_blackglass_field	zone_wall_shadow	s
tile_edge_trim	zone_blackglass_wall	zone_blackglass_floor	zone_wall_shadow	s
tile_edge_trim	zone_blackglass_wall	zone_marble_floor	zone_wall_shadow	s
tile_edge_trim	zone_blackglass_wall	zone_whitebrick_floor	zone_wall_shadow	s
tile_edge_trim	zone_marble_wall	zone_stonebrick_floor	zone_wall_shadow	s
tile_edge_trim	zone_marble_wall	zone_rock_floor	zone_wall_shadow	s
tile_edge_trim	zone_marble_wall	zone_wood_floor	zone_wall_shadow	s
tile_edge_trim	zone_marble_wall	zone_dirt	zone_wall_shadow	s
tile_edge_trim	zone_marble_wall	zone_grass	zone_wall_shadow	s
tile_edge_trim	zone_marble_wall	zone_sand	zone_wall_shadow	s
tile_edge_trim	zone_marble_wall	zone_road	zone_wall_shadow	s
tile_edge_trim	zone_marble_wall	zone_blackglass_field	zone_wall_shadow	s
tile_edge_trim	zone_marble_wall	zone_blackglass_floor	zone_wall_shadow	s
tile_edge_trim	zone_marble_wall	zone_marble_floor	zone_wall_shadow	s
tile_edge_trim	zone_marble_wall	zone_whitebrick_floor	zone_wall_shadow	s
tile_edge_trim	zone_whitebrick_wall	zone_stonebrick_floor	zone_wall_shadow	s
tile_edge_trim	zone_whitebrick_wall	zone_rock_floor	zone_wall_shadow	s
tile_edge_trim	zone_whitebrick_wall	zone_wood_floor	zone_wall_shadow	s
tile_edge_trim	zone_whitebrick_wall	zone_dirt	zone_wall_shadow	s
tile_edge_trim	zone_whitebrick_wall	zone_grass	zone_wall_shadow	s
tile_edge_trim	zone_whitebrick_wall	zone_sand	zone_wall_shadow	s
tile_edge_trim	zone_whitebrick_wall	zone_road	zone_wall_shadow	s
tile_edge_trim	zone_whitebrick_wall	zone_blackglass_field	zone_wall_shadow	s
tile_edge_trim	zone_whitebrick_wall	zone_blackglass_floor	zone_wall_shadow	s
tile_edge_trim	zone_whitebrick_wall	zone_marble_floor	zone_wall_shadow	s
tile_edge_trim	zone_whitebrick_wall	zone_whitebrick_floor	zone_wall_shadow	s
tile_edge_trim	zone_deep_water	zone_shallow_water	zone_deep_water	n,e,s,w
tile_edge_trim	zone_deep_water	zone_still_water	zone_deep_water	n,e,s,w
tile_edge_trim	zone_deep_water	zone_sand	zone_deep_water	n,e,s,w
tile_edge_trim	zone_deep_water	zone_grass_light	zone_deep_water	n,e,s,w
tile_edge_trim	zone_deep_water	zone_grass_dark	zone_deep_water	n,e,s,w
tile_edge_trim	zone_deep_water	zone_dirt_dry	zone_deep_water	n,e,s,w
tile_edge_trim	zone_deep_water	zone_dirt_wet	zone_deep_water	n,e,s,w
tile_edge_trim	zone_deep_water	zone_road_dirt	zone_deep_water	n,e,s,w
tile_edge_trim	zone_deep_water	zone_road_cobblestone	zone_deep_water	n,e,s,w
tile_edge_trim	zone_deep_water	zone_stonebrick_floor	zone_deep_water	n,e,s,w
tile_edge_trim	zone_deep_water	zone_rock_floor	zone_deep_water	n,e,s,w
tile_edge_trim	zone_deep_water	zone_blackglass_field	zone_deep_water	n,e,s,w
tile_edge_trim	zone_shallow_water	zone_sand	zone_shallow_water	n,e,s,w
tile_edge_trim	zone_shallow_water	zone_grass_light	zone_shallow_water	n,e,s,w
tile_edge_trim	zone_shallow_water	zone_grass_dark	zone_shallow_water	n,e,s,w
tile_edge_trim	zone_shallow_water	zone_dirt_dry	zone_shallow_water	n,e,s,w
tile_edge_trim	zone_shallow_water	zone_dirt_wet	zone_shallow_water	n,e,s,w
tile_edge_trim	zone_shallow_water	zone_road_dirt	zone_shallow_water	n,e,s,w
tile_edge_trim	zone_shallow_water	zone_road_cobblestone	zone_shallow_water	n,e,s,w
tile_edge_trim	zone_shallow_water	zone_stonebrick_floor	zone_shallow_water	n,e,s,w
tile_edge_trim	zone_shallow_water	zone_rock_floor	zone_shallow_water	n,e,s,w
tile_edge_trim	zone_shallow_water	zone_blackglass_field	zone_shallow_water	n,e,s,w
tile_edge_trim	zone_still_water	zone_sand	zone_still_water	n,e,s,w
tile_edge_trim	zone_still_water	zone_grass_light	zone_still_water	n,e,s,w
tile_edge_trim	zone_still_water	zone_grass_dark	zone_still_water	n,e,s,w
tile_edge_trim	zone_still_water	zone_dirt_dry	zone_still_water	n,e,s,w
tile_edge_trim	zone_still_water	zone_dirt_wet	zone_still_water	n,e,s,w
tile_edge_trim	zone_still_water	zone_road_dirt	zone_still_water	n,e,s,w
tile_edge_trim	zone_still_water	zone_road_cobblestone	zone_still_water	n,e,s,w
tile_edge_trim	zone_still_water	zone_stonebrick_floor	zone_still_water	n,e,s,w
tile_edge_trim	zone_still_water	zone_rock_floor	zone_still_water	n,e,s,w
tile_edge_trim	zone_still_water	zone_blackglass_field	zone_still_water	n,e,s,w
tile_edge_trim	zone_sand	zone_grass_light	zone_sand	n,e,s,w
tile_edge_trim	zone_sand	zone_grass_dark	zone_sand	n,e,s,w
tile_edge_trim	zone_road_dirt	zone_grass_light	zone_road_dirt	n,e,s,w
tile_edge_trim	zone_road_dirt	zone_grass_dark	zone_road_dirt	n,e,s,w
tile_edge_trim	zone_road_dirt	zone_dirt_dry	zone_road_dirt	n,e,s,w
tile_edge_trim	zone_road_dirt	zone_dirt_wet	zone_road_dirt	n,e,s,w
tile_edge_trim	zone_road_dirt	zone_stonebrick_floor	zone_road_dirt	n,e,s,w
tile_edge_trim	zone_road_cobblestone	zone_grass_light	zone_road_cobblestone	n,e,s,w
tile_edge_trim	zone_road_cobblestone	zone_grass_dark	zone_road_cobblestone	n,e,s,w
tile_edge_trim	zone_road_cobblestone	zone_dirt_dry	zone_road_cobblestone	n,e,s,w
tile_edge_trim	zone_road_cobblestone	zone_dirt_wet	zone_road_cobblestone	n,e,s,w
tile_edge_trim	zone_road_cobblestone	zone_stonebrick_floor	zone_road_cobblestone	n,e,s,w
tile_edge_trim	zone_grass_dark	zone_grass_light	zone_grass_dark	n,e,s,w
tile_edge_trim	zone_grass_dark	zone_stonebrick_floor	zone_grass_dark	n,e,s,w
tile_edge_trim	zone_grass_dark	zone_dirt_dry	zone_grass_dark	n,e,s,w
tile_edge_trim	zone_grass_dark	zone_dirt_wet	zone_grass_dark	n,e,s,w
tile_edge_trim	zone_wood_wall	zone_grass_light	zone_grass_dark	e
tile_edge_trim	zone_wood_wall	zone_grass_light	zone_grass_dark	w
tile_edge_trim	zone_wood_wall	zone_grass_light	zone_grass_dark	s
tile_edge_trim	zone_grass_light	zone_stonebrick_floor	zone_grass_light	n,e,s,w
tile_edge_trim	zone_grass_light	zone_dirt_dry	zone_grass_light	n,e,s,w
tile_edge_trim	zone_grass_light	zone_dirt_wet	zone_grass_light	n,e,s,w
tile_edge_trim	zone_dirt_dry	zone_stonebrick_floor	zone_dirt_dry	n,e,s,w
tile_edge_trim	zone_dirt_wet	zone_stonebrick_floor	zone_dirt_wet	n,e,s,w
tile_variant_uniform	zone_tiles/zone_tile_stonebrick_wall.png	default=r0	chance=100	variants=r0,r1,r2,r3,r4,r5,r6,r7
tile_variant_uniform	zone_tiles/zone_tile_rock_wall.png	default=r0	chance=100	variants=r0,r1,r2,r3,r4,r5,r6,r7
tile_variant_uniform	zone_tiles/zone_tile_blackglass_wall.png	default=r0	chance=67	variants=r1,r2
tile_variant_uniform	zone_tiles/zone_tile_fence.png	default=r0	chance=100	variants=r0,r1
tile_variant_uniform	zone_tiles/zone_tile_fence_dark.png	default=r0	chance=100	variants=r0,r1
tile_variant_uniform	zone_tiles/zone_tile_blackglass_floor.png	default=r0	chance=80	variants=r1,r2,r3,r4
tile_variant_uniform	zone_tiles/zone_tile_blackglass_field.png	default=r0	chance=100	variants=r0,r1
tile_variant_uniform	zone_tiles/zone_tile_marble_floor.png	default=r0	chance=100	variants=r0,r1,r2,r3
tile_variant_uniform	zone_tiles/zone_tile_deep_water.png	default=r0	chance=20	variants=r1,r2,r3,r4
tile_variant_uniform	zone_tiles/zone_tile_shallow_water.png	default=r0	chance=30	variants=r1,r2,r3,r4
tile_variant_uniform	zone_tiles/zone_tile_still_water.png	default=r0	chance=80	variants=r1,r2,r3,r4
tile_variant_uniform	zone_tiles/zone_tile_sand.png	default=r0	chance=75	variants=r1,r2,r3
tile_variant_uniform	zone_tiles/zone_tile_grass_dark.png	default=r0	chance=50	variants=r1
tile_variant_uniform	zone_tiles/zone_tile_grass_light.png	default=r0	chance=50	variants=r1
tile_variant_uniform	zone_tiles/zone_tile_dirt_dry.png	default=r0	chance=75	variants=r1,r2,r3
tile_variant_uniform	zone_tiles/zone_tile_dirt_wet.png	default=r0	chance=75	variants=r1,r2,r3
tile_variant_uniform	zone_tiles/zone_tile_wood_floor.png	default=r0	chance=80	variants=r1,r2,r3,r4
tile_variant_uniform	zone_tiles/zone_tile_wood_wall.png	default=r0	chance=75	variants=r1,r2,r3
tile_variant_uniform	zone_tiles/zone_tile_road_dirt.png	default=r0	chance=100	variants=r0,r1,r2,r3,r4,outline_r0,outline_r1,outline_r2,outline_r3,outline_r4
tile_variant_uniform	zone_tiles/zone_tile_road_cobblestone.png	default=r0	chance=100	variants=r0,r1,r2,r3,r4,outline_r0,outline_r1,outline_r2,outline_r3,outline_r4
tile_variant_noise	zone_tiles/zone_tile_blackglass_wall.png	field=blackglass_spikes_large	scale=7	threshold=0.18	variants=r5
tile_variant_noise	zone_tiles/zone_tile_blackglass_wall.png	field=blackglass_spikes_small	scale=3	threshold=0.3	variants=r3,r4
tile_variant_noise	zone_tiles/zone_tile_shallow_water.png	field=water_reeds	scale=4	threshold=0.2	variants=reed0,reed1
tile_variant_noise	zone_tiles/zone_tile_shallow_water.png	field=water_rocks	scale=2	threshold=0.35	variants=rock0,rock1,rock2
tile_variant_noise	zone_tiles/zone_tile_grass_dark.png	field=grass_patch	scale=2	threshold=0.4	variants=plant0
tile_variant_noise	zone_tiles/zone_tile_grass_light.png	field=grass_patch	scale=2	threshold=0.2	variants=plant0
prop_random	zone_props/zone_prop_broadleaf_tree.png	variants=r0,r1
prop_random	zone_props/zone_prop_chair_down.png	variants=r0,r1
prop_random	zone_props/zone_prop_chair_left.png	variants=r0,r1
prop_random	zone_props/zone_prop_chair_right.png	variants=r0,r1
prop_random	zone_props/zone_prop_chair_up.png	variants=r0,r1
prop_face_wall_inverse	zone_props/zone_prop_chair.png	up=zone_props/zone_prop_chair_up.png	right=zone_props/zone_prop_chair_right.png	down=zone_props/zone_prop_chair_down.png	left=zone_props/zone_prop_chair_left.png
prop_face_wall_inverse	zone_props/zone_prop_throne.png	up=zone_props/zone_prop_chair_up.png	right=zone_props/zone_prop_chair_right.png	down=zone_props/zone_prop_chair_down.png	left=zone_props/zone_prop_chair_left.png
prop_face_adjacent	zone_props/zone_prop_chair.png	target=zone_props/zone_prop_table_single.png	up=zone_props/zone_prop_chair_up.png	right=zone_props/zone_prop_chair_right.png	down=zone_props/zone_prop_chair_down.png	left=zone_props/zone_prop_chair_left.png
prop_axis2	zone_props/zone_prop_door_closed.png
prop_axis2	zone_props/zone_prop_door_open.png
prop_axis2	zone_props/zone_prop_marble_door_closed.png
prop_axis2	zone_props/zone_prop_marble_door_open.png
prop_axis2	zone_props/zone_prop_runed_steel_door_closed.png
prop_axis2	zone_props/zone_prop_runed_steel_door_open.png
prop_axis2	zone_props/zone_prop_stone_door_closed.png
prop_axis2	zone_props/zone_prop_stone_door_open.png
prop_lattice_pack	zone_props/zone_prop_broadleaf_tree.png
prop_lattice_pack	zone_props/zone_prop_conifer_tree.png
asset	effects/effect_acid.png	51	1	16	20
asset	effects/effect_acid_trap.png	101	1	16	20
asset	effects/effect_alarm_trap.png	151	1	16	20
asset	effects/effect_arrow_trap.png	201	1	16	20
asset	effects/effect_bear_trap.png	251	1	16	20
asset	effects/effect_blood.png	301	1	16	20
asset	effects/effect_caltrops.png	351	1	16	20
asset	effects/effect_cloudkill.png	401	1	16	20
asset	effects/effect_explosive_trap.png	451	1	16	20
asset	effects/effect_falling_rock_trap.png	501	1	16	20
asset	effects/effect_fire.png	551	1	16	20
asset	effects/effect_fog.png	601	1	16	20
asset	effects/effect_force_wall.png	651	1	16	20
asset	effects/effect_healing_aura.png	701	1	16	20
asset	effects/effect_ice.png	751	1	16	20
asset	effects/effect_illusion.png	801	1	16	20
asset	effects/effect_light.png	851	1	16	20
asset	effects/effect_light_trap.png	901	1	16	20
asset	effects/effect_maze.png	951	1	16	20
asset	effects/effect_oil.png	1001	1	16	20
asset	effects/effect_pit_trap.png	1051	1	16	20
asset	effects/effect_pitons.png	1101	1	16	20
asset	effects/effect_poison_needle_trap.png	1151	1	16	20
asset	effects/effect_rope.png	1201	1	16	20
asset	effects/effect_spear_trap.png	1251	1	16	20
asset	effects/effect_target_blocked_endpoint.png	1301	1	16	20
asset	effects/effect_target_blocked_node.png	1351	1	16	20
asset	effects/effect_target_endpoint.png	1401	1	16	20
asset	effects/effect_target_node.png	1451	1	16	20
asset	effects/effect_water_trap.png	1501	1	16	20
asset	effects/effect_web.png	1	63	16	20
asset	effects/effect_wet.png	51	63	16	20
asset	items/item_acid_flask.png	101	63	16	20
asset	items/item_amulet_chain.png	151	63	16	20
asset	items/item_amulet_gem_amber.png	201	63	16	20
asset	items/item_amulet_gem_arcane.png	251	63	16	20
asset	items/item_amulet_gem_attribute.png	301	63	16	20
asset	items/item_amulet_gem_blue.png	351	63	16	20
asset	items/item_amulet_gem_crimson.png	401	63	16	20
asset	items/item_amulet_gem_fire.png	451	63	16	20
asset	items/item_amulet_gem_green.png	501	63	16	20
asset	items/item_amulet_gem_illusion.png	551	63	16	20
asset	items/item_amulet_gem_lightglass.png	601	63	16	20
asset	items/item_amulet_gem_luck.png	651	63	16	20
asset	items/item_amulet_gem_mind.png	701	63	16	20
asset	items/item_amulet_gem_red.png	751	63	16	20
asset	items/item_amulet_gem_skill.png	801	63	16	20
asset	items/item_apothecary_kit.png	851	63	16	20
asset	items/item_armor_body.png	901	63	16	20
asset	items/item_arrow.png	951	63	16	20
asset	items/item_artifact_relic.png	1001	63	16	20
asset	items/item_backpack.png	1051	63	16	20
asset	items/item_bandage.png	1101	63	16	20
asset	items/item_bastard_sword.png	1151	63	16	20
asset	items/item_battle_axe.png	1201	63	16	20
asset	items/item_bear_trap.png	1251	63	16	20
asset	items/item_beer.png	1301	63	16	20
asset	items/item_belt.png	1351	63	16	20
asset	items/item_bolt.png	1401	63	16	20
asset	items/item_boots.png	1451	63	16	20
asset	items/item_bracers.png	1501	63	16	20
asset	items/item_buckler.png	1	125	16	20
asset	items/item_caltrops.png	51	125	16	20
asset	items/item_camouflage_kit.png	101	125	16	20
asset	items/item_camping_kit.png	151	125	16	20
asset	items/item_chain_mail.png	201	125	16	20
asset	items/item_clothing_wearable.png	251	125	16	20
asset	items/item_club.png	301	125	16	20
asset	items/item_coat.png	351	125	16	20
asset	items/item_consumable.png	401	125	16	20
asset	items/item_corpse.png	451	125	16	20
asset	items/item_crystal_focus.png	501	125	16	20
asset	items/item_cup.png	551	125	16	20
asset	items/item_dagger.png	601	125	16	20
asset	items/item_divine_tome.png	651	125	16	20
asset	items/item_field_dressing.png	701	125	16	20
asset	items/item_flail.png	751	125	16	20
asset	items/item_food_bundle.png	801	125	16	20
asset	items/item_gear_metal.png	851	125	16	20
asset	items/item_gem_amber.png	901	125	16	20
asset	items/item_gem_black.png	951	125	16	20
asset	items/item_gem_blue.png	1001	125	16	20
asset	items/item_gem_cut.png	1051	125	16	20
asset	items/item_gem_green.png	1101	125	16	20
asset	items/item_gem_red.png	1151	125	16	20
asset	items/item_gem_violet.png	1201	125	16	20
asset	items/item_gem_white.png	1251	125	16	20
asset	items/item_gloves.png	1301	125	16	20
asset	items/item_gold_pieces.png	1351	125	16	20
asset	items/item_great_axe.png	1401	125	16	20
asset	items/item_halberd.png	1451	125	16	20
asset	items/item_hand_axe.png	1501	125	16	20
asset	items/item_heavy_crossbow.png	1	187	16	20
asset	items/item_helm.png	51	187	16	20
asset	items/item_holy_symbol.png	101	187	16	20
asset	items/item_iron_bracers.png	151	187	16	20
asset	items/item_iron_gauntlets.png	201	187	16	20
asset	items/item_iron_helm.png	251	187	16	20
asset	items/item_iron_pitons.png	301	187	16	20
asset	items/item_kite_shield.png	351	187	16	20
asset	items/item_lantern.png	401	187	16	20
asset	items/item_leather_armor.png	451	187	16	20
asset	items/item_leather_boots.png	501	187	16	20
asset	items/item_leather_cap.png	551	187	16	20
asset	items/item_leather_gloves.png	601	187	16	20
asset	items/item_light_crossbow.png	651	187	16	20
asset	items/item_lockpicks.png	701	187	16	20
asset	items/item_longbow.png	751	187	16	20
asset	items/item_longsword.png	801	187	16	20
asset	items/item_mace.png	851	187	16	20
asset	items/item_magic_artifact.png	901	187	16	20
asset	items/item_magic_enchant.png	951	187	16	20
asset	items/item_magic_plus_1.png	1001	187	16	20
asset	items/item_magic_plus_2.png	1051	187	16	20
asset	items/item_magic_plus_3.png	1101	187	16	20
asset	items/item_material_blackglass.png	1151	187	16	20
asset	items/item_material_lightglass.png	1201	187	16	20
asset	items/item_misc_item.png	1251	187	16	20
asset	items/item_morning_star.png	1301	187	16	20
asset	items/item_net.png	1351	187	16	20
asset	items/item_oil_flask.png	1401	187	16	20
asset	items/item_padded_armor.png	1451	187	16	20
asset	items/item_plate_mail.png	1501	187	16	20
asset	items/item_potion_bottle_large.png	1	249	16	20
asset	items/item_potion_bottle_round.png	51	249	16	20
asset	items/item_potion_bottle_small.png	101	249	16	20
asset	items/item_potion_bottle_tall.png	151	249	16	20
asset	items/item_potion_liquid_amber.png	201	249	16	20
asset	items/item_potion_liquid_azure.png	251	249	16	20
asset	items/item_potion_liquid_black.png	301	249	16	20
asset	items/item_potion_liquid_cloudy.png	351	249	16	20
asset	items/item_potion_liquid_cobalt.png	401	249	16	20
asset	items/item_potion_liquid_crimson.png	451	249	16	20
asset	items/item_potion_liquid_frosted.png	501	249	16	20
asset	items/item_potion_liquid_gold.png	551	249	16	20
asset	items/item_potion_liquid_iron_red.png	601	249	16	20
asset	items/item_potion_liquid_lime.png	651	249	16	20
asset	items/item_potion_liquid_murky.png	701	249	16	20
asset	items/item_potion_liquid_pale.png	751	249	16	20
asset	items/item_potion_liquid_rose.png	801	249	16	20
asset	items/item_potion_liquid_ruby.png	851	249	16	20
asset	items/item_potion_liquid_sapphire.png	901	249	16	20
asset	items/item_potion_liquid_scarlet.png	951	249	16	20
asset	items/item_potion_liquid_silver.png	1001	249	16	20
asset	items/item_potion_liquid_smoky.png	1051	249	16	20
asset	items/item_potion_liquid_sparkling.png	1101	249	16	20
asset	items/item_potion_liquid_storm_blue.png	1151	249	16	20
asset	items/item_potion_liquid_swirly.png	1201	249	16	20
asset	items/item_potion_liquid_thick_green.png	1251	249	16	20
asset	items/item_quarterstaff.png	1301	249	16	20
asset	items/item_rations.png	1351	249	16	20
asset	items/item_relic_stone.png	1401	249	16	20
asset	items/item_repair_kit.png	1451	249	16	20
asset	items/item_ring_band_gold.png	1501	249	16	20
asset	items/item_ring_band_iron.png	1	311	16	20
asset	items/item_ring_band_silver.png	51	311	16	20
asset	items/item_ring_gem_amber.png	101	311	16	20
asset	items/item_ring_gem_arcane.png	151	311	16	20
asset	items/item_ring_gem_attribute.png	201	311	16	20
asset	items/item_ring_gem_blue.png	251	311	16	20
asset	items/item_ring_gem_cold.png	301	311	16	20
asset	items/item_ring_gem_crimson.png	351	311	16	20
asset	items/item_ring_gem_elemental.png	401	311	16	20
asset	items/item_ring_gem_fire.png	451	311	16	20
asset	items/item_ring_gem_green.png	501	311	16	20
asset	items/item_ring_gem_moon.png	551	311	16	20
asset	items/item_ring_gem_red.png	601	311	16	20
asset	items/item_ring_gem_skill.png	651	311	16	20
asset	items/item_ring_mail.png	701	311	16	20
asset	items/item_robe.png	751	311	16	20
asset	items/item_rope.png	801	311	16	20
asset	items/item_rope_belt.png	851	311	16	20
asset	items/item_rune_focus.png	901	311	16	20
asset	items/item_rust_removal_kit.png	951	311	16	20
asset	items/item_rusty_knife.png	1001	311	16	20
asset	items/item_scale_mail.png	1051	311	16	20
asset	items/item_scimitar.png	1101	311	16	20
asset	items/item_scroll_ashen.png	1151	311	16	20
asset	items/item_scroll_black_edged.png	1201	311	16	20
asset	items/item_scroll_blue_wax.png	1251	311	16	20
asset	items/item_scroll_gold_flecked.png	1301	311	16	20
asset	items/item_scroll_label_darash.png	1351	311	16	20
asset	items/item_scroll_label_gold.png	1401	311	16	20
asset	items/item_scroll_label_nehra.png	1451	311	16	20
asset	items/item_scroll_label_quorin.png	1501	311	16	20
asset	items/item_scroll_label_tiny_runes.png	1	373	16	20
asset	items/item_scroll_label_velom.png	51	373	16	20
asset	items/item_scroll_parchment.png	101	373	16	20
asset	items/item_scroll_red_ribbon.png	151	373	16	20
asset	items/item_scroll_smoke_marked.png	201	373	16	20
asset	items/item_scroll_star_script.png	251	373	16	20
asset	items/item_scroll_tiny_runes.png	301	373	16	20
asset	items/item_short_sword.png	351	373	16	20
asset	items/item_shortbow.png	401	373	16	20
asset	items/item_silver_dagger.png	451	373	16	20
asset	items/item_sling.png	501	373	16	20
asset	items/item_sling_stone.png	551	373	16	20
asset	items/item_spear.png	601	373	16	20
asset	items/item_spellbook.png	651	373	16	20
asset	items/item_splint_mail.png	701	373	16	20
asset	items/item_studded_belt.png	751	373	16	20
asset	items/item_studded_leather.png	801	373	16	20
asset	items/item_talisman.png	851	373	16	20
asset	items/item_tool_kit.png	901	373	16	20
asset	items/item_torch.png	951	373	16	20
asset	items/item_tower_shield.png	1001	373	16	20
asset	items/item_travel_cloak.png	1051	373	16	20
asset	items/item_traveler_clothes.png	1101	373	16	20
asset	items/item_treasure_trinket.png	1151	373	16	20
asset	items/item_trinket_charm.png	1201	373	16	20
asset	items/item_trinket_token.png	1251	373	16	20
asset	items/item_trophy_bone.png	1301	373	16	20
asset	items/item_trophy_organic.png	1351	373	16	20
asset	items/item_two_handed_sword.png	1401	373	16	20
asset	items/item_wand_ash.png	1451	373	16	20
asset	items/item_wand_black_ash.png	1501	373	16	20
asset	items/item_wand_brass.png	1	435	16	20
asset	items/item_wand_clear_lacquered.png	51	435	16	20
asset	items/item_wand_crystal_banded.png	101	435	16	20
asset	items/item_wand_frosted.png	151	435	16	20
asset	items/item_wand_green_veined.png	201	435	16	20
asset	items/item_wand_heat_striped.png	251	435	16	20
asset	items/item_wand_ironwood.png	301	435	16	20
asset	items/item_wand_knot_carved.png	351	435	16	20
asset	items/item_wand_rune_wrapped.png	401	435	16	20
asset	items/item_wand_smoke_gray.png	451	435	16	20
asset	items/item_wand_spiral_marked.png	501	435	16	20
asset	items/item_wand_tip_acid.png	551	435	16	20
asset	items/item_wand_tip_arcane.png	601	435	16	20
asset	items/item_wand_tip_cold.png	651	435	16	20
asset	items/item_wand_tip_fire.png	701	435	16	20
asset	items/item_wand_tip_force.png	751	435	16	20
asset	items/item_wand_tip_holy.png	801	435	16	20
asset	items/item_wand_tip_mind.png	851	435	16	20
asset	items/item_wand_tip_prism.png	901	435	16	20
asset	items/item_wand_tip_shadow.png	951	435	16	20
asset	items/item_wand_tip_shock.png	1001	435	16	20
asset	items/item_wand_tip_sight.png	1051	435	16	20
asset	items/item_wand_tip_web.png	1101	435	16	20
asset	items/item_war_hammer.png	1151	435	16	20
asset	items/item_waterskin.png	1201	435	16	20
asset	items/item_weapon_ranged.png	1251	435	16	20
asset	items/item_wooden_shield.png	1301	435	16	20
asset	monsters/monster_adamantine_golem.png	1351	435	16	20
asset	monsters/monster_ancient_black_dragon.png	1401	435	16	20
asset	monsters/monster_ancient_blue_dragon.png	1451	435	16	20
asset	monsters/monster_ancient_forest_dragon.png	1501	435	16	20
asset	monsters/monster_ancient_green_dragon.png	1	497	16	20
asset	monsters/monster_ancient_red_dragon.png	51	497	16	20
asset	monsters/monster_ancient_werewolf.png	101	497	16	20
asset	monsters/monster_ancient_white_dragon.png	151	497	16	20
asset	monsters/monster_ancient_wight.png	201	497	16	20
asset	monsters/monster_animated_armor.png	251	497	16	20
asset	monsters/monster_animated_tree.png	301	497	16	20
asset	monsters/monster_ankheg.png	351	497	16	20
asset	monsters/monster_archlich.png	401	497	16	20
asset	monsters/monster_assassin.png	451	497	16	20
asset	monsters/monster_assassin_archer.png	501	497	16	20
asset	monsters/monster_badger.png	551	497	16	20
asset	monsters/monster_bandit.png	601	497	16	20
asset	monsters/monster_bandit_brute.png	651	497	16	20
asset	monsters/monster_bandit_captain.png	701	497	16	20
asset	monsters/monster_bandit_mage.png	751	497	16	20
asset	monsters/monster_bandit_marksman.png	801	497	16	20
asset	monsters/monster_bandit_skirmisher.png	851	497	16	20
asset	monsters/monster_bandit_veteran.png	901	497	16	20
asset	monsters/monster_banshee.png	951	497	16	20
asset	monsters/monster_basilisk.png	1001	497	16	20
asset	monsters/monster_beholder.png	1051	497	16	20
asset	monsters/monster_black_bear.png	1101	497	16	20
asset	monsters/monster_black_dragon.png	1151	497	16	20
asset	monsters/monster_black_pudding.png	1201	497	16	20
asset	monsters/monster_black_widow.png	1251	497	16	20
asset	monsters/monster_blackglass_bat.png	1301	497	16	20
asset	monsters/monster_blackglass_drake.png	1351	497	16	20
asset	monsters/monster_blackglass_duergar_captain.png	1401	497	16	20
asset	monsters/monster_blackglass_duergar_scout.png	1451	497	16	20
asset	monsters/monster_blackglass_duergar_veteran.png	1501	497	16	20
asset	monsters/monster_blackglass_duergar_warrior.png	1	559	16	20
asset	monsters/monster_blackglass_gargoyle.png	51	559	16	20
asset	monsters/monster_blackglass_hound.png	101	559	16	20
asset	monsters/monster_blackglass_kobold.png	151	559	16	20
asset	monsters/monster_blackglass_rat.png	201	559	16	20
asset	monsters/monster_blackglass_spider.png	251	559	16	20
asset	monsters/monster_blackglass_zombie.png	301	559	16	20
asset	monsters/monster_blue_dragon.png	351	559	16	20
asset	monsters/monster_boar.png	401	559	16	20
asset	monsters/monster_bombardier_beetle.png	451	559	16	20
asset	monsters/monster_bone_golem.png	501	559	16	20
asset	monsters/monster_brown_bear.png	551	559	16	20
asset	monsters/monster_bugbear.png	601	559	16	20
asset	monsters/monster_bugbear_mauler.png	651	559	16	20
asset	monsters/monster_bugbear_stalker.png	701	559	16	20
asset	monsters/monster_bulette.png	751	559	16	20
asset	monsters/monster_burrow_spider.png	801	559	16	20
asset	monsters/monster_carrion_crawler.png	851	559	16	20
asset	monsters/monster_cave_fisher.png	901	559	16	20
asset	monsters/monster_cave_spider.png	951	559	16	20
asset	monsters/monster_chimera.png	1001	559	16	20
asset	monsters/monster_clone.png	1051	559	16	20
asset	monsters/monster_cockatrice.png	1101	559	16	20
asset	monsters/monster_colossus.png	1151	559	16	20
asset	monsters/monster_crocodile.png	1201	559	16	20
asset	monsters/monster_cult_acolyte.png	1251	559	16	20
asset	monsters/monster_cult_chaplain.png	1301	559	16	20
asset	monsters/monster_cult_priest.png	1351	559	16	20
asset	monsters/monster_cult_zealot.png	1401	559	16	20
asset	monsters/monster_darkmantle.png	1451	559	16	20
asset	monsters/monster_death_knight.png	1501	559	16	20
asset	monsters/monster_decoy.png	1	621	16	20
asset	monsters/monster_deep_blackglass_armored_zombie.png	51	621	16	20
asset	monsters/monster_deep_blackglass_drake.png	101	621	16	20
asset	monsters/monster_deep_blackglass_hound.png	151	621	16	20
asset	monsters/monster_deep_blackglass_rat.png	201	621	16	20
asset	monsters/monster_deep_blackglass_spider.png	251	621	16	20
asset	monsters/monster_deep_blackglass_zombie.png	301	621	16	20
asset	monsters/monster_dire_bat.png	351	621	16	20
asset	monsters/monster_dire_bear.png	401	621	16	20
asset	monsters/monster_dire_boar.png	451	621	16	20
asset	monsters/monster_dire_cave_bear.png	501	621	16	20
asset	monsters/monster_dire_rat.png	551	621	16	20
asset	monsters/monster_dire_warg.png	601	621	16	20
asset	monsters/monster_dire_wolf.png	651	621	16	20
asset	monsters/monster_displacer_beast.png	701	621	16	20
asset	monsters/monster_doppelganger.png	751	621	16	20
asset	monsters/monster_dracolich.png	801	621	16	20
asset	monsters/monster_drake.png	851	621	16	20
asset	monsters/monster_duergar_captain.png	901	621	16	20
asset	monsters/monster_duergar_guard.png	951	621	16	20
asset	monsters/monster_duergar_priest.png	1001	621	16	20
asset	monsters/monster_duergar_scout.png	1051	621	16	20
asset	monsters/monster_duergar_veteran.png	1101	621	16	20
asset	monsters/monster_earth_elemental.png	1151	621	16	20
asset	monsters/monster_elder_black_dragon.png	1201	621	16	20
asset	monsters/monster_elder_blue_dragon.png	1251	621	16	20
asset	monsters/monster_elder_forest_dragon.png	1301	621	16	20
asset	monsters/monster_elder_green_dragon.png	1351	621	16	20
asset	monsters/monster_elder_red_dragon.png	1401	621	16	20
asset	monsters/monster_elder_white_dragon.png	1451	621	16	20
asset	monsters/monster_ettercap.png	1501	621	16	20
asset	monsters/monster_ettin.png	1	683	16	20
asset	monsters/monster_evil_archmage.png	51	683	16	20
asset	monsters/monster_evil_mage.png	101	683	16	20
asset	monsters/monster_evil_magic_user.png	151	683	16	20
asset	monsters/monster_fallen_lance_knight.png	201	683	16	20
asset	monsters/monster_fire_elemental.png	251	683	16	20
asset	monsters/monster_fire_giant.png	301	683	16	20
asset	monsters/monster_flesh_golem.png	351	683	16	20
asset	monsters/monster_flying_sword.png	401	683	16	20
asset	monsters/monster_fomorian_giant.png	451	683	16	20
asset	monsters/monster_forest_dragon.png	501	683	16	20
asset	monsters/monster_forest_hound.png	551	683	16	20
asset	monsters/monster_fox.png	601	683	16	20
asset	monsters/monster_frost_elemental.png	651	683	16	20
asset	monsters/monster_frost_giant.png	701	683	16	20
asset	monsters/monster_gargoyle.png	751	683	16	20
asset	monsters/monster_gelatinous_cube.png	801	683	16	20
asset	monsters/monster_ghast.png	851	683	16	20
asset	monsters/monster_ghost.png	901	683	16	20
asset	monsters/monster_ghoul.png	951	683	16	20
asset	monsters/monster_ghoul_ravager.png	1001	683	16	20
asset	monsters/monster_giant_ant.png	1051	683	16	20
asset	monsters/monster_giant_bat.png	1101	683	16	20
asset	monsters/monster_giant_beetle.png	1151	683	16	20
asset	monsters/monster_giant_centipede.png	1201	683	16	20
asset	monsters/monster_giant_crab.png	1251	683	16	20
asset	monsters/monster_giant_eel.png	1301	683	16	20
asset	monsters/monster_giant_fire_beetle.png	1351	683	16	20
asset	monsters/monster_giant_leech.png	1401	683	16	20
asset	monsters/monster_giant_lizard.png	1451	683	16	20
asset	monsters/monster_giant_octopus.png	1501	683	16	20
asset	monsters/monster_giant_rat.png	1	745	16	20
asset	monsters/monster_giant_scorpion.png	51	745	16	20
asset	monsters/monster_giant_slug.png	101	745	16	20
asset	monsters/monster_giant_spider.png	151	745	16	20
asset	monsters/monster_giant_toad.png	201	745	16	20
asset	monsters/monster_giant_wasp.png	251	745	16	20
asset	monsters/monster_gnoll.png	301	745	16	20
asset	monsters/monster_gnoll_hunter.png	351	745	16	20
asset	monsters/monster_gnoll_packleader.png	401	745	16	20
asset	monsters/monster_goblin.png	451	745	16	20
asset	monsters/monster_goblin_brute.png	501	745	16	20
asset	monsters/monster_goblin_chief.png	551	745	16	20
asset	monsters/monster_goblin_raider.png	601	745	16	20
asset	monsters/monster_goblin_shaman.png	651	745	16	20
asset	monsters/monster_goblin_slinger.png	701	745	16	20
asset	monsters/monster_goblin_trapper.png	751	745	16	20
asset	monsters/monster_grave_hound.png	801	745	16	20
asset	monsters/monster_gray_ooze.png	851	745	16	20
asset	monsters/monster_gray_wolf.png	901	745	16	20
asset	monsters/monster_great_boar.png	951	745	16	20
asset	monsters/monster_great_wyvern.png	1001	745	16	20
asset	monsters/monster_greater_drake.png	1051	745	16	20
asset	monsters/monster_greater_earth_elemental.png	1101	745	16	20
asset	monsters/monster_greater_fire_elemental.png	1151	745	16	20
asset	monsters/monster_greater_frost_elemental.png	1201	745	16	20
asset	monsters/monster_greater_gargoyle.png	1251	745	16	20
asset	monsters/monster_greater_ghast.png	1301	745	16	20
asset	monsters/monster_greater_ghoul.png	1351	745	16	20
asset	monsters/monster_greater_hydra.png	1401	745	16	20
asset	monsters/monster_greater_lightning_elemental.png	1451	745	16	20
asset	monsters/monster_greater_salamander.png	1501	745	16	20
asset	monsters/monster_greater_shadow.png	1	807	16	20
asset	monsters/monster_greater_wight.png	51	807	16	20
asset	monsters/monster_greater_wraith.png	101	807	16	20
asset	monsters/monster_green_dragon.png	151	807	16	20
asset	monsters/monster_green_slime.png	201	807	16	20
asset	monsters/monster_grizzly_bear.png	251	807	16	20
asset	monsters/monster_hangman_tree.png	301	807	16	20
asset	monsters/monster_harpy.png	351	807	16	20
asset	monsters/monster_harpy_ravager.png	401	807	16	20
asset	monsters/monster_hawk.png	451	807	16	20
asset	monsters/monster_helmed_horror.png	501	807	16	20
asset	monsters/monster_hill_giant.png	551	807	16	20
asset	monsters/monster_hobgoblin.png	601	807	16	20
asset	monsters/monster_hobgoblin_arbalester.png	651	807	16	20
asset	monsters/monster_hobgoblin_captain.png	701	807	16	20
asset	monsters/monster_hobgoblin_soldier.png	751	807	16	20
asset	monsters/monster_huge_boulder.png	801	807	16	20
asset	monsters/monster_hydra.png	851	807	16	20
asset	monsters/monster_iron_golem.png	901	807	16	20
asset	monsters/monster_kobold.png	951	807	16	20
asset	monsters/monster_kobold_archer.png	1001	807	16	20
asset	monsters/monster_kobold_packleader.png	1051	807	16	20
asset	monsters/monster_kobold_scout.png	1101	807	16	20
asset	monsters/monster_kobold_skirmisher.png	1151	807	16	20
asset	monsters/monster_kobold_warrior.png	1201	807	16	20
asset	monsters/monster_kraken.png	1251	807	16	20
asset	monsters/monster_lesser_fire_elemental.png	1301	807	16	20
asset	monsters/monster_lesser_frost_elemental.png	1351	807	16	20
asset	monsters/monster_lesser_lightning_elemental.png	1401	807	16	20
asset	monsters/monster_lesser_water_elemental.png	1451	807	16	20
asset	monsters/monster_lich.png	1501	807	16	20
asset	monsters/monster_lightglass_ghost.png	1	869	16	20
asset	monsters/monster_lightning_elemental.png	51	869	16	20
asset	monsters/monster_lizard.png	101	869	16	20
asset	monsters/monster_lizardman.png	151	869	16	20
asset	monsters/monster_lizardman_raider.png	201	869	16	20
asset	monsters/monster_lizardman_shaman.png	251	869	16	20
asset	monsters/monster_manticore.png	301	869	16	20
asset	monsters/monster_master_necromancer.png	351	869	16	20
asset	monsters/monster_medusa.png	401	869	16	20
asset	monsters/monster_mimic.png	451	869	16	20
asset	monsters/monster_minotaur.png	501	869	16	20
asset	monsters/monster_mudman.png	551	869	16	20
asset	monsters/monster_mummy.png	601	869	16	20
asset	monsters/monster_mummy_lord.png	651	869	16	20
asset	monsters/monster_necromancer.png	701	869	16	20
asset	monsters/monster_necromancer_lord.png	751	869	16	20
asset	monsters/monster_novice_necromancer.png	801	869	16	20
asset	monsters/monster_ochre_jelly.png	851	869	16	20
asset	monsters/monster_ogre.png	901	869	16	20
asset	monsters/monster_ogre_champion.png	951	869	16	20
asset	monsters/monster_ogre_chief.png	1001	869	16	20
asset	monsters/monster_ogre_crusher.png	1051	869	16	20
asset	monsters/monster_ogre_mage.png	1101	869	16	20
asset	monsters/monster_orc.png	1151	869	16	20
asset	monsters/monster_orc_berserker.png	1201	869	16	20
asset	monsters/monster_orc_champion.png	1251	869	16	20
asset	monsters/monster_orc_hexer.png	1301	869	16	20
asset	monsters/monster_orc_thrower.png	1351	869	16	20
asset	monsters/monster_orc_warboss.png	1401	869	16	20
asset	monsters/monster_orc_warlock.png	1451	869	16	20
asset	monsters/monster_orc_warrior.png	1501	869	16	20
asset	monsters/monster_orog.png	1	931	16	20
asset	monsters/monster_orog_brute.png	51	931	16	20
asset	monsters/monster_owl.png	101	931	16	20
asset	monsters/monster_owlbear.png	151	931	16	20
asset	monsters/monster_panther.png	201	931	16	20
asset	monsters/monster_phase_spider.png	251	931	16	20
asset	monsters/monster_piercer.png	301	931	16	20
asset	monsters/monster_pit_viper.png	351	931	16	20
asset	monsters/monster_plague_zombie.png	401	931	16	20
asset	monsters/monster_primordial_blackglass_drake.png	451	931	16	20
asset	monsters/monster_primordial_blackglass_hound.png	501	931	16	20
asset	monsters/monster_primordial_blackglass_spider.png	551	931	16	20
asset	monsters/monster_primordial_dragon.png	601	931	16	20
asset	monsters/monster_primordial_dragon_spawn.png	651	931	16	20
asset	monsters/monster_purple_worm.png	701	931	16	20
asset	monsters/monster_rat.png	751	931	16	20
asset	monsters/monster_red_dragon.png	801	931	16	20
asset	monsters/monster_roc.png	851	931	16	20
asset	monsters/monster_root_bound_zombie.png	901	931	16	20
asset	monsters/monster_roper.png	951	931	16	20
asset	monsters/monster_rotting_zombie.png	1001	931	16	20
asset	monsters/monster_rust_monster.png	1051	931	16	20
asset	monsters/monster_sahuagin.png	1101	931	16	20
asset	monsters/monster_sahuagin_champion.png	1151	931	16	20
asset	monsters/monster_sahuagin_priest.png	1201	931	16	20
asset	monsters/monster_salamander.png	1251	931	16	20
asset	monsters/monster_scrawny_goblin.png	1301	931	16	20
asset	monsters/monster_sea_hag.png	1351	931	16	20
asset	monsters/monster_shadow.png	1401	931	16	20
asset	monsters/monster_shambling_mound.png	1451	931	16	20
asset	monsters/monster_shrieker.png	1501	931	16	20
asset	monsters/monster_skeleton.png	1	993	16	20
asset	monsters/monster_skeleton_archer.png	51	993	16	20
asset	monsters/monster_skeleton_axeman.png	101	993	16	20
asset	monsters/monster_skeleton_champion.png	151	993	16	20
asset	monsters/monster_skeleton_guard.png	201	993	16	20
asset	monsters/monster_skeleton_guardian.png	251	993	16	20
asset	monsters/monster_skeleton_knight.png	301	993	16	20
asset	monsters/monster_skeleton_spearman.png	351	993	16	20
asset	monsters/monster_snake.png	401	993	16	20
asset	monsters/monster_soldier_ant.png	451	993	16	20
asset	monsters/monster_specter.png	501	993	16	20
asset	monsters/monster_spider_queen.png	551	993	16	20
asset	monsters/monster_stirge.png	601	993	16	20
asset	monsters/monster_stone_giant.png	651	993	16	20
asset	monsters/monster_stone_golem.png	701	993	16	20
asset	monsters/monster_storm_drake.png	751	993	16	20
asset	monsters/monster_storm_giant.png	801	993	16	20
asset	monsters/monster_sword_spider.png	851	993	16	20
asset	monsters/monster_titan.png	901	993	16	20
asset	monsters/monster_training_dummy.png	951	993	16	20
asset	monsters/monster_treant.png	1001	993	16	20
asset	monsters/monster_troglodyte.png	1051	993	16	20
asset	monsters/monster_troglodyte_brute.png	1101	993	16	20
asset	monsters/monster_troll.png	1151	993	16	20
asset	monsters/monster_troll_king.png	1201	993	16	20
asset	monsters/monster_umber_hulk.png	1251	993	16	20
asset	monsters/monster_undead_knight.png	1301	993	16	20
asset	monsters/monster_undead_priest.png	1351	993	16	20
asset	monsters/monster_vampire.png	1401	993	16	20
asset	monsters/monster_vampire_lord.png	1451	993	16	20
asset	monsters/monster_vampire_spawn.png	1501	993	16	20
asset	monsters/monster_vampiric_bat.png	1	1055	16	20
asset	monsters/monster_violet_fungus.png	51	1055	16	20
asset	monsters/monster_warg.png	101	1055	16	20
asset	monsters/monster_water_drake.png	151	1055	16	20
asset	monsters/monster_water_elemental.png	201	1055	16	20
asset	monsters/monster_water_weird.png	251	1055	16	20
asset	monsters/monster_werewolf.png	301	1055	16	20
asset	monsters/monster_werewolf_king.png	351	1055	16	20
asset	monsters/monster_white_dragon.png	401	1055	16	20
asset	monsters/monster_white_seal_priest.png	451	1055	16	20
asset	monsters/monster_wight.png	501	1055	16	20
asset	monsters/monster_wild_dog.png	551	1055	16	20
asset	monsters/monster_will_o_wisp.png	601	1055	16	20
asset	monsters/monster_wolf.png	651	1055	16	20
asset	monsters/monster_wolf_spider.png	701	1055	16	20
asset	monsters/monster_wraith.png	751	1055	16	20
asset	monsters/monster_wyvern.png	801	1055	16	20
asset	monsters/monster_xorn.png	851	1055	16	20
asset	monsters/monster_yellow_mold.png	901	1055	16	20
asset	monsters/monster_young_black_dragon.png	951	1055	16	20
asset	monsters/monster_young_blue_dragon.png	1001	1055	16	20
asset	monsters/monster_young_drake.png	1051	1055	16	20
asset	monsters/monster_young_forest_dragon.png	1101	1055	16	20
asset	monsters/monster_young_green_dragon.png	1151	1055	16	20
asset	monsters/monster_young_red_dragon.png	1201	1055	16	20
asset	monsters/monster_young_white_dragon.png	1251	1055	16	20
asset	monsters/monster_zombie.png	1301	1055	16	20
asset	npcs/npc_animal_chicken.png	1351	1055	16	20
asset	npcs/npc_animal_dog.png	1401	1055	16	20
asset	npcs/npc_animal_goat.png	1451	1055	16	20
asset	npcs/npc_animal_mule.png	1501	1055	16	20
asset	npcs/npc_filler_docks_fisher.png	1	1117	16	20
asset	npcs/npc_filler_havenford_child.png	51	1117	16	20
asset	npcs/npc_filler_havenford_commoner.png	101	1117	16	20
asset	npcs/npc_filler_havenford_farmer.png	151	1117	16	20
asset	npcs/npc_filler_highmark_commoner.png	201	1117	16	20
asset	npcs/npc_filler_highmark_gnome.png	251	1117	16	20
asset	npcs/npc_filler_highmark_laborer.png	301	1117	16	20
asset	npcs/npc_filler_highmark_lancer.png	351	1117	16	20
asset	npcs/npc_filler_highmark_pilgrim.png	401	1117	16	20
asset	npcs/npc_filler_highmark_porter.png	451	1117	16	20
asset	npcs/npc_filler_highmark_priest.png	501	1117	16	20
asset	npcs/npc_filler_highmark_stablehand.png	551	1117	16	20
asset	npcs/npc_filler_human_commoner.png	601	1117	16	20
asset	npcs/npc_filler_kestrel_cook.png	651	1117	16	20
asset	npcs/npc_filler_kestrel_guard.png	701	1117	16	20
asset	npcs/npc_filler_kestrel_orderly.png	751	1117	16	20
asset	npcs/npc_filler_kestrel_runner.png	801	1117	16	20
asset	npcs/npc_filler_kestrel_worker.png	851	1117	16	20
asset	npcs/npc_filler_stonecleft_dwarf.png	901	1117	16	20
asset	npcs/npc_filler_stonecleft_guard.png	951	1117	16	20
asset	npcs/npc_filler_telwynd_elf.png	1001	1117	16	20
asset	npcs/npc_filler_travellers_rest_traveller.png	1051	1117	16	20
asset	npcs/npc_filler_tutorial_commoner.png	1101	1117	16	20
asset	npcs/npc_named_aldren.png	1151	1117	16	20
asset	npcs/npc_named_brannoc.png	1201	1117	16	20
asset	npcs/npc_named_canon.png	1251	1117	16	20
asset	npcs/npc_named_captain.png	1301	1117	16	20
asset	npcs/npc_named_captive_dwarf.png	1351	1117	16	20
asset	npcs/npc_named_dagna.png	1401	1117	16	20
asset	npcs/npc_named_dorrik.png	1451	1117	16	20
asset	npcs/npc_named_edrin.png	1501	1117	16	20
asset	npcs/npc_named_elderwyrm_grove_enchanter.png	1	1179	16	20
asset	npcs/npc_named_elf_contact.png	51	1179	16	20
asset	npcs/npc_named_farmer_wife.png	101	1179	16	20
asset	npcs/npc_named_garrick.png	151	1179	16	20
asset	npcs/npc_named_havenford_drifter.png	201	1179	16	20
asset	npcs/npc_named_havenford_innkeeper.png	251	1179	16	20
asset	npcs/npc_named_highmark_apothecary.png	301	1179	16	20
asset	npcs/npc_named_highmark_armorer.png	351	1179	16	20
asset	npcs/npc_named_highmark_bookseller.png	401	1179	16	20
asset	npcs/npc_named_highmark_elixir_researcher.png	451	1179	16	20
asset	npcs/npc_named_highmark_fletcher.png	501	1179	16	20
asset	npcs/npc_named_highmark_husband_brother.png	551	1179	16	20
asset	npcs/npc_named_highmark_innkeeper.png	601	1179	16	20
asset	npcs/npc_named_highmark_jeweler.png	651	1179	16	20
asset	npcs/npc_named_highmark_lancer.png	701	1179	16	20
asset	npcs/npc_named_highmark_market_merchant.png	751	1179	16	20
asset	npcs/npc_named_highmark_priest.png	801	1179	16	20
asset	npcs/npc_named_highmark_provisioner.png	851	1179	16	20
asset	npcs/npc_named_highmark_purifier.png	901	1179	16	20
asset	npcs/npc_named_highmark_reliquary.png	951	1179	16	20
asset	npcs/npc_named_kestrel_commander.png	1001	1179	16	20
asset	npcs/npc_named_kestrel_field_supplier.png	1051	1179	16	20
asset	npcs/npc_named_kestrel_smith.png	1101	1179	16	20
asset	npcs/npc_named_kestrel_watch_sergeant.png	1151	1179	16	20
asset	npcs/npc_named_kings_barrow_pilgrim.png	1201	1179	16	20
asset	npcs/npc_named_maelin.png	1251	1179	16	20
asset	npcs/npc_named_merrit_vale.png	1301	1179	16	20
asset	npcs/npc_named_missing_husband.png	1351	1179	16	20
asset	npcs/npc_named_peddler.png	1401	1179	16	20
asset	npcs/npc_named_rat_catcher.png	1451	1179	16	20
asset	npcs/npc_named_reader.png	1501	1179	16	20
asset	npcs/npc_named_reedmire_fisher.png	1	1241	16	20
asset	npcs/npc_named_reedwater_boathand.png	51	1241	16	20
asset	npcs/npc_named_reedwater_innkeeper.png	101	1241	16	20
asset	npcs/npc_named_shady_smuggler.png	151	1241	16	20
asset	npcs/npc_named_south_gate_supplier.png	201	1241	16	20
asset	npcs/npc_named_stonecleft_armorer.png	251	1241	16	20
asset	npcs/npc_named_stonecleft_gate_warden.png	301	1241	16	20
asset	npcs/npc_named_stonecleft_hall_mason.png	351	1241	16	20
asset	npcs/npc_named_stonecleft_innkeeper.png	401	1241	16	20
asset	npcs/npc_named_stonecleft_iron_merchant.png	451	1241	16	20
asset	npcs/npc_named_stonecleft_miner.png	501	1241	16	20
asset	npcs/npc_named_stonecleft_supplier.png	551	1241	16	20
asset	npcs/npc_named_stonecleft_track_scout.png	601	1241	16	20
asset	npcs/npc_named_stonecleft_waywarden.png	651	1241	16	20
asset	npcs/npc_named_telwynd_bowyer.png	701	1241	16	20
asset	npcs/npc_named_telwynd_enchanter.png	751	1241	16	20
asset	npcs/npc_named_telwynd_innkeeper.png	801	1241	16	20
asset	npcs/npc_named_telwynd_keeper.png	851	1241	16	20
asset	npcs/npc_named_tessa.png	901	1241	16	20
asset	npcs/npc_named_tidehook_barmaid.png	951	1241	16	20
asset	npcs/npc_named_tidehook_boathand.png	1001	1241	16	20
asset	npcs/npc_named_tidehook_captain.png	1051	1241	16	20
asset	npcs/npc_named_tidehook_spear_vendor.png	1101	1241	16	20
asset	npcs/npc_named_tidehook_thirsty_fisherman.png	1151	1241	16	20
asset	npcs/npc_named_travellers_rest_arcane_peddler.png	1201	1241	16	20
asset	npcs/npc_named_travellers_rest_innkeeper.png	1251	1241	16	20
asset	npcs/npc_named_travellers_rest_researcher.png	1301	1241	16	20
asset	npcs/npc_named_travellers_rest_shady.png	1351	1241	16	20
asset	npcs/npc_named_travellers_rest_shopkeeper.png	1401	1241	16	20
asset	npcs/npc_named_travellers_rest_warrior.png	1451	1241	16	20
asset	npcs/npc_named_tutorial_dockmaster.png	1501	1241	16	20
asset	npcs/npc_named_tutorial_guide.png	1	1303	16	20
asset	npcs/npc_named_tutorial_harren_gate.png	51	1303	16	20
asset	npcs/npc_named_tutorial_innkeeper.png	101	1303	16	20
asset	npcs/npc_named_tutorial_neighbor.png	151	1303	16	20
asset	npcs/npc_named_tutorial_provisioner.png	201	1303	16	20
asset	npcs/npc_named_tutorial_trainer.png	251	1303	16	20
asset	npcs/npc_named_vendor.png	301	1303	16	20
asset	npcs/npc_named_white_seal_antiquities.png	351	1303	16	20
asset	npcs/npc_named_white_vault_sacristan.png	401	1303	16	20
asset	player/player_dwarf_barbarian.png	451	1303	24	36	24	36	-4	-8
asset	player/player_dwarf_bard.png	501	1303	48	60	48	60	-16	-20
asset	player/player_dwarf_cleric.png	551	1303	24	36	24	36	-4	-8
asset	player/player_dwarf_druid.png	601	1303	16	20
asset	player/player_dwarf_fighter.png	651	1303	24	36	24	36	-4	-8
asset	player/player_dwarf_paladin.png	701	1303	24	36	24	36	-4	-8
asset	player/player_dwarf_ranger.png	751	1303	16	20
asset	player/player_dwarf_rogue.png	801	1303	24	36	24	36	-4	-8
asset	player/player_dwarf_sorcerer.png	851	1303	16	20
asset	player/player_dwarf_wizard.png	901	1303	16	20
asset	player/player_elf_bard.png	951	1303	24	36	24	36	-4	-8
asset	player/player_elf_cleric.png	1001	1303	16	20
asset	player/player_elf_druid.png	1051	1303	24	36	24	36	-4	-8
asset	player/player_elf_fighter.png	1101	1303	24	36	24	36	-4	-8
asset	player/player_elf_paladin.png	1151	1303	16	20
asset	player/player_elf_ranger.png	1201	1303	24	36	24	36	-4	-8
asset	player/player_elf_rogue.png	1251	1303	24	36	24	36	-4	-8
asset	player/player_elf_sorcerer.png	1301	1303	24	36	24	36	-4	-8
asset	player/player_elf_wizard.png	1351	1303	24	36	24	36	-4	-8
asset	player/player_gnome_bard.png	1401	1303	48	60	48	60	-16	-20
asset	player/player_gnome_cleric.png	1451	1303	16	20
asset	player/player_gnome_druid.png	1501	1303	16	20
asset	player/player_gnome_fighter.png	1	1365	24	36	24	36	-4	-8
asset	player/player_gnome_paladin.png	51	1365	16	20
asset	player/player_gnome_ranger.png	101	1365	16	20
asset	player/player_gnome_rogue.png	151	1365	24	36	24	36	-4	-8
asset	player/player_gnome_sorcerer.png	201	1365	24	36	24	36	-4	-8
asset	player/player_gnome_wizard.png	251	1365	24	36	24	36	-4	-8
asset	player/player_half_elf_bard.png	301	1365	24	36	24	36	-4	-8
asset	player/player_half_elf_cleric.png	351	1365	24	36	24	36	-4	-8
asset	player/player_half_elf_druid.png	401	1365	24	36	24	36	-4	-8
asset	player/player_half_elf_fighter.png	451	1365	24	36	24	36	-4	-8
asset	player/player_half_elf_monk.png	501	1365	24	36	24	36	-4	-8
asset	player/player_half_elf_paladin.png	551	1365	16	20
asset	player/player_half_elf_ranger.png	601	1365	24	36	24	36	-4	-8
asset	player/player_half_elf_rogue.png	651	1365	24	36	24	36	-4	-8
asset	player/player_half_elf_sorcerer.png	701	1365	16	20
asset	player/player_half_elf_wizard.png	751	1365	24	36	24	36	-4	-8
asset	player/player_half_orc_barbarian.png	801	1365	24	36	24	36	-4	-8
asset	player/player_half_orc_bard.png	851	1365	48	60	48	60	-16	-20
asset	player/player_half_orc_cleric.png	901	1365	16	20
asset	player/player_half_orc_druid.png	951	1365	16	20
asset	player/player_half_orc_fighter.png	1001	1365	24	36	24	36	-4	-8
asset	player/player_half_orc_paladin.png	1051	1365	16	20
asset	player/player_half_orc_ranger.png	1101	1365	16	20
asset	player/player_half_orc_rogue.png	1151	1365	16	20
asset	player/player_half_orc_sorcerer.png	1201	1365	24	36	24	36	-4	-8
asset	player/player_half_orc_wizard.png	1251	1365	16	20
asset	player/player_halfling_bard.png	1301	1365	24	36	24	36	-4	-8
asset	player/player_halfling_cleric.png	1351	1365	24	36	24	36	-4	-8
asset	player/player_halfling_druid.png	1401	1365	16	20
asset	player/player_halfling_fighter.png	1451	1365	24	36	24	36	-4	-8
asset	player/player_halfling_paladin.png	1501	1365	16	20
asset	player/player_halfling_ranger.png	1	1427	24	36	24	36	-4	-8
asset	player/player_halfling_rogue.png	51	1427	24	36	24	36	-4	-8
asset	player/player_halfling_sorcerer.png	101	1427	16	20
asset	player/player_halfling_wizard.png	151	1427	16	20
asset	player/player_human_barbarian.png	201	1427	24	36	24	36	-4	-8
asset	player/player_human_bard.png	251	1427	24	36	24	36	-4	-8
asset	player/player_human_cleric.png	301	1427	24	36	24	36	-4	-8
asset	player/player_human_druid.png	351	1427	24	36	24	36	-4	-8
asset	player/player_human_fighter.png	401	1427	24	36	24	36	-4	-8
asset	player/player_human_monk.png	451	1427	24	36	24	36	-4	-8
asset	player/player_human_paladin.png	501	1427	24	36	24	36	-4	-8
asset	player/player_human_ranger.png	551	1427	24	36	24	36	-4	-8
asset	player/player_human_rogue.png	601	1427	24	36	24	36	-4	-8
asset	player/player_human_sorcerer.png	651	1427	24	36	24	36	-4	-8
asset	player/player_human_wizard.png	701	1427	24	36	24	36	-4	-8
asset	pois/poi_abandoned_mine.png	751	1427	16	20
asset	pois/poi_ash_tower.png	801	1427	16	20
asset	pois/poi_bandit_camp.png	851	1427	16	20
asset	pois/poi_bandit_toll_camp.png	901	1427	16	20
asset	pois/poi_blackglass_cavern.png	951	1427	16	20
asset	pois/poi_briar_saint_grove.png	1001	1427	16	20
asset	pois/poi_broken_watchtower.png	1051	1427	16	20
asset	pois/poi_burned_cottage.png	1101	1427	16	20
asset	pois/poi_camp_kestrel.png	1151	1427	16	20
asset	pois/poi_chalkhill_burrows.png	1201	1427	16	20
asset	pois/poi_cistern_hatch.png	1251	1427	16	20
asset	pois/poi_deserted_camp.png	1301	1427	16	20
asset	pois/poi_desolate_docks.png	1351	1427	16	20
asset	pois/poi_docks.png	1401	1427	16	20
asset	pois/poi_dusty_dungeon.png	1451	1427	16	20
asset	pois/poi_elderwyrm_grove.png	1501	1427	16	20
asset	pois/poi_floodgate_cistern.png	1	1489	16	20
asset	pois/poi_ghostwood.png	51	1489	16	20
asset	pois/poi_glassneedle_ravine.png	101	1489	16	20
asset	pois/poi_glassroot_hollow.png	151	1489	16	20
asset	pois/poi_goblin_cave.png	201	1489	16	20
asset	pois/poi_great_scar_crevasse.png	251	1489	16	20
asset	pois/poi_greycliff_quarry.png	301	1489	16	20
asset	pois/poi_havenford.png	351	1489	16	20
asset	pois/poi_havenford_mines.png	401	1489	16	20
asset	pois/poi_highmark.png	451	1489	16	20
asset	pois/poi_highmark_aqueduct.png	501	1489	16	20
asset	pois/poi_highwind_catacombs.png	551	1489	16	20
asset	pois/poi_highwind_monastery.png	601	1489	16	20
asset	pois/poi_kings_barrow.png	651	1489	16	20
asset	pois/poi_lesser_scar_breach.png	701	1489	16	20
asset	pois/poi_moonwell_observatory.png	751	1489	16	20
asset	pois/poi_moonwell_tunnels.png	801	1489	16	20
asset	pois/poi_moonwell_tunnels_exit.png	851	1489	16	20
asset	pois/poi_mountain_pass.png	901	1489	16	20
asset	pois/poi_north_gate.png	951	1489	16	20
asset	pois/poi_old_cave.png	1001	1489	16	20
asset	pois/poi_old_imperial_lighthouse.png	1051	1489	16	20
asset	pois/poi_old_mineworks.png	1101	1489	16	20
asset	pois/poi_oldroot_temple.png	1151	1489	16	20
asset	pois/poi_orc_base.png	1201	1489	16	20
asset	pois/poi_reedmire_shrine.png	1251	1489	16	20
asset	pois/poi_roadside_shrine.png	1301	1489	16	20
asset	pois/poi_rockmaw_keep.png	1351	1489	16	20
asset	pois/poi_saltmere_caverns.png	1401	1489	16	20
asset	pois/poi_serpentwater_oasis.png	1451	1489	16	20
asset	pois/poi_smuggler_grotto.png	1501	1489	16	20
asset	pois/poi_south_gate.png	1	1551	16	20
asset	pois/poi_starfall_burrow.png	51	1551	16	20
asset	pois/poi_sunken_crypt.png	101	1551	16	20
asset	pois/poi_telwynd.png	151	1551	16	20
asset	pois/poi_tidehook_docks.png	201	1551	16	20
asset	pois/poi_travellers_rest.png	251	1551	16	20
asset	pois/poi_trollking_cave.png	301	1551	16	20
asset	pois/poi_white_seal_tower.png	351	1551	16	20
asset	pois/poi_widowrun_cave.png	401	1551	16	20
asset	world_tiles/world_tile_deep_scar.png	451	1551	16	20
asset	world_tiles/world_tile_forest.png	501	1551	16	20
asset	world_tiles/world_tile_high_mountain.png	551	1551	16	20
asset	world_tiles/world_tile_hills.png	601	1551	16	20
asset	world_tiles/world_tile_mountain.png	651	1551	16	20
asset	world_tiles/world_tile_plains.png	701	1551	16	20
asset	world_tiles/world_tile_road.png	751	1551	16	20
asset	world_tiles/world_tile_scar.png	801	1551	16	20
asset	world_tiles/world_tile_shore.png	851	1551	16	20
asset	world_tiles/world_tile_swamp.png	901	1551	16	20
asset	world_tiles/world_tile_water.png	951	1551	16	20
asset	zone_props/zone_prop_anvil.png	1001	1551	16	20
asset	zone_props/zone_prop_armor_rack.png	1051	1551	16	20
asset	zone_props/zone_prop_armor_rack_empty.png	1101	1551	16	20
asset	zone_props/zone_prop_bed.png	1151	1551	16	28	16	28	0	-8
asset	zone_props/zone_prop_bedroll.png	1201	1551	16	20
asset	zone_props/zone_prop_blackglass_spire.png	1251	1551	24	30	24	30	-4	-5
asset	zone_props/zone_prop_boat.png	1301	1551	20	40	20	40	-2	-19
asset	zone_props/zone_prop_bookshelf.png	1351	1551	16	20
asset	zone_props/zone_prop_broadleaf_tree_r0.png	1401	1551	20	24	20	24	-2	-4
asset	zone_props/zone_prop_broadleaf_tree_r1.png	1451	1551	20	24	20	24	-2	-4
asset	zone_props/zone_prop_brush.png	1501	1551	20	24	20	24	-2	-4	2	1
asset	zone_props/zone_prop_campfire.png	1	1613	16	20
asset	zone_props/zone_prop_campfire_out.png	51	1613	16	20
asset	zone_props/zone_prop_chair_down_r0.png	101	1613	16	20
asset	zone_props/zone_prop_chair_down_r1.png	151	1613	16	20
asset	zone_props/zone_prop_chair_left_r0.png	201	1613	16	20
asset	zone_props/zone_prop_chair_left_r1.png	251	1613	16	20
asset	zone_props/zone_prop_chair_right_r0.png	301	1613	16	20
asset	zone_props/zone_prop_chair_right_r1.png	351	1613	16	20
asset	zone_props/zone_prop_chair_up_r0.png	401	1613	16	20
asset	zone_props/zone_prop_chair_up_r1.png	451	1613	16	20
asset	zone_props/zone_prop_conifer_tree.png	501	1613	20	32	20	32	-2	-12
asset	zone_props/zone_prop_container_barrel_closed.png	551	1613	16	20
asset	zone_props/zone_prop_container_barrel_open.png	601	1613	16	20
asset	zone_props/zone_prop_container_chest_exquisite_closed.png	651	1613	16	20
asset	zone_props/zone_prop_container_chest_exquisite_open.png	701	1613	16	20
asset	zone_props/zone_prop_container_chest_ironbound_closed.png	751	1613	16	20
asset	zone_props/zone_prop_container_chest_ironbound_open.png	801	1613	16	20
asset	zone_props/zone_prop_container_chest_ornate_closed.png	851	1613	16	20
asset	zone_props/zone_prop_container_chest_ornate_open.png	901	1613	16	20
asset	zone_props/zone_prop_container_chest_reinforced_closed.png	951	1613	16	20
asset	zone_props/zone_prop_container_chest_reinforced_open.png	1001	1613	16	20
asset	zone_props/zone_prop_container_chest_sturdy_closed.png	1051	1613	16	20
asset	zone_props/zone_prop_container_chest_sturdy_open.png	1101	1613	16	20
asset	zone_props/zone_prop_container_chest_wooden_closed.png	1151	1613	16	20
asset	zone_props/zone_prop_container_chest_wooden_open.png	1201	1613	16	20
asset	zone_props/zone_prop_container_coffer_exquisite_closed.png	1251	1613	16	20
asset	zone_props/zone_prop_container_coffer_exquisite_open.png	1301	1613	16	20
asset	zone_props/zone_prop_container_coffer_gilded_closed.png	1351	1613	16	20
asset	zone_props/zone_prop_container_coffer_gilded_open.png	1401	1613	16	20
asset	zone_props/zone_prop_container_coffer_iron_closed.png	1451	1613	16	20
asset	zone_props/zone_prop_container_coffer_iron_open.png	1501	1613	16	20
asset	zone_props/zone_prop_container_coffer_plain_closed.png	1	1675	16	20
asset	zone_props/zone_prop_container_coffer_plain_open.png	51	1675	16	20
asset	zone_props/zone_prop_container_coffer_runed_closed.png	101	1675	16	20
asset	zone_props/zone_prop_container_coffer_runed_open.png	151	1675	16	20
asset	zone_props/zone_prop_container_coffer_silver_closed.png	201	1675	16	20
asset	zone_props/zone_prop_container_coffer_silver_open.png	251	1675	16	20
asset	zone_props/zone_prop_container_crate_closed.png	301	1675	16	20
asset	zone_props/zone_prop_container_crate_open.png	351	1675	16	20
asset	zone_props/zone_prop_container_crevice.png	401	1675	16	20
asset	zone_props/zone_prop_container_crevice_east_west_facing.png	451	1675	16	20
asset	zone_props/zone_prop_container_crevice_north_facing.png	501	1675	16	20
asset	zone_props/zone_prop_container_crevice_south_facing.png	551	1675	16	20
asset	zone_props/zone_prop_container_lockbox_exquisite_closed.png	601	1675	16	20
asset	zone_props/zone_prop_container_lockbox_exquisite_open.png	651	1675	16	20
asset	zone_props/zone_prop_container_lockbox_fine_closed.png	701	1675	16	20
asset	zone_props/zone_prop_container_lockbox_fine_open.png	751	1675	16	20
asset	zone_props/zone_prop_container_lockbox_old_closed.png	801	1675	16	20
asset	zone_props/zone_prop_container_lockbox_old_open.png	851	1675	16	20
asset	zone_props/zone_prop_container_lockbox_reinforced_closed.png	901	1675	16	20
asset	zone_props/zone_prop_container_lockbox_reinforced_open.png	951	1675	16	20
asset	zone_props/zone_prop_container_lockbox_steel_closed.png	1001	1675	16	20
asset	zone_props/zone_prop_container_lockbox_steel_open.png	1051	1675	16	20
asset	zone_props/zone_prop_container_lockbox_sturdy_closed.png	1101	1675	16	20
asset	zone_props/zone_prop_container_lockbox_sturdy_open.png	1151	1675	16	20
asset	zone_props/zone_prop_container_sack_closed.png	1201	1675	16	20
asset	zone_props/zone_prop_container_sack_open.png	1251	1675	16	20
asset	zone_props/zone_prop_container_strongbox_exquisite_closed.png	1301	1675	16	20
asset	zone_props/zone_prop_container_strongbox_exquisite_open.png	1351	1675	16	20
asset	zone_props/zone_prop_container_strongbox_iron_closed.png	1401	1675	16	20
asset	zone_props/zone_prop_container_strongbox_iron_open.png	1451	1675	16	20
asset	zone_props/zone_prop_container_strongbox_ornate_closed.png	1501	1675	16	20
asset	zone_props/zone_prop_container_strongbox_ornate_open.png	1	1737	16	20
asset	zone_props/zone_prop_container_strongbox_plain_closed.png	51	1737	16	20
asset	zone_props/zone_prop_container_strongbox_plain_open.png	101	1737	16	20
asset	zone_props/zone_prop_container_strongbox_reinforced_closed.png	151	1737	16	20
asset	zone_props/zone_prop_container_strongbox_reinforced_open.png	201	1737	16	20
asset	zone_props/zone_prop_container_strongbox_steel_closed.png	251	1737	16	20
asset	zone_props/zone_prop_container_strongbox_steel_open.png	301	1737	16	20
asset	zone_props/zone_prop_door_closed_h.png	351	1737	16	40	16	40	0	-20
asset	zone_props/zone_prop_door_closed_v.png	401	1737	16	40	16	40	0	-20
asset	zone_props/zone_prop_door_open_h.png	451	1737	16	40	16	40	0	-20
asset	zone_props/zone_prop_door_open_v.png	501	1737	32	40	32	40	-8	-13
asset	zone_props/zone_prop_fence.png	551	1737	16	20
asset	zone_props/zone_prop_generic.png	601	1737	16	20
asset	zone_props/zone_prop_giant_tree_canopy.png	651	1737	48	60	48	60	-16	-26
asset	zone_props/zone_prop_giant_tree_trunk.png	701	1737	16	20
asset	zone_props/zone_prop_gravestone_cross.png	751	1737	16	20
asset	zone_props/zone_prop_gravestone_square.png	801	1737	16	20
asset	zone_props/zone_prop_gravestone_standard.png	851	1737	16	20
asset	zone_props/zone_prop_grove_bench.png	901	1737	16	20
asset	zone_props/zone_prop_lamplight.png	951	1737	16	40	16	40	0	-20
asset	zone_props/zone_prop_lamplight_no_flame.png	1001	1737	16	40	16	40	0	-20
asset	zone_props/zone_prop_marble_door_closed_h.png	1051	1737	16	40	16	40	0	-20
asset	zone_props/zone_prop_marble_door_closed_v.png	1101	1737	16	40	16	40	0	-20
asset	zone_props/zone_prop_marble_door_open_h.png	1151	1737	16	40	16	40	0	-20
asset	zone_props/zone_prop_marble_door_open_v.png	1201	1737	32	40	32	40	-8	-13
asset	zone_props/zone_prop_net_rack.png	1251	1737	16	20
asset	zone_props/zone_prop_rubble.png	1301	1737	16	20
asset	zone_props/zone_prop_runed_steel_door_closed_h.png	1351	1737	16	40	16	40	0	-20
asset	zone_props/zone_prop_runed_steel_door_closed_v.png	1401	1737	16	40	16	40	0	-20
asset	zone_props/zone_prop_runed_steel_door_open_h.png	1451	1737	16	40	16	40	0	-20
asset	zone_props/zone_prop_runed_steel_door_open_v.png	1501	1737	32	40	32	40	-8	-13
asset	zone_props/zone_prop_statue.png	1	1799	16	40	16	40	0	-20
asset	zone_props/zone_prop_stone_bench.png	51	1799	16	20
asset	zone_props/zone_prop_stone_door_closed_h.png	101	1799	16	40	16	40	0	-20
asset	zone_props/zone_prop_stone_door_closed_v.png	151	1799	16	40	16	40	0	-20
asset	zone_props/zone_prop_stone_door_open_h.png	201	1799	16	40	16	40	0	-20
asset	zone_props/zone_prop_stone_door_open_v.png	251	1799	32	40	32	40	-8	-13
asset	zone_props/zone_prop_stone_stairs_down.png	301	1799	16	20
asset	zone_props/zone_prop_stone_stairs_up.png	351	1799	16	22	16	22	0	-2
asset	zone_props/zone_prop_story_final_blood_seal.png	401	1799	16	20
asset	zone_props/zone_prop_story_stoneward_gate.png	451	1799	16	20
asset	zone_props/zone_prop_story_veiled_grove.png	501	1799	33	25	33	25	-8	-5
asset	zone_props/zone_prop_supply_sack.png	551	1799	16	20
asset	zone_props/zone_prop_table_single.png	601	1799	16	20
asset	zone_props/zone_prop_transition.png	651	1799	16	20
asset	zone_props/zone_prop_weapon_rack.png	701	1799	22	20	22	20	-3	1
asset	zone_props/zone_prop_weapon_rack_empty.png	751	1799	16	20
asset	zone_props/zone_prop_wooden_stairs_down.png	801	1799	16	20
asset	zone_props/zone_prop_wooden_stairs_up.png	851	1799	16	22	16	22	0	-2
asset	zone_props/zone_prop_wooden_stump.png	901	1799	16	20
asset	zone_tiles/zone_tile_blackglass_field_r0.png	1201	1303	48	60	48	60	-16	-20
asset	zone_tiles/zone_tile_blackglass_field_r1.png	1251	1303	48	60	48	60	-16	-20
asset	zone_tiles/zone_tile_blackglass_floor_r0.png	1301	1303	16	20
asset	zone_tiles/zone_tile_blackglass_floor_r1.png	1351	1303	16	20
asset	zone_tiles/zone_tile_blackglass_floor_r2.png	1401	1303	16	20
asset	zone_tiles/zone_tile_blackglass_floor_r3.png	1451	1303	16	20
asset	zone_tiles/zone_tile_blackglass_floor_r4.png	1501	1303	16	20
asset	zone_tiles/zone_tile_blackglass_wall_r0_cap_e.png	951	1799	16	20
asset	zone_tiles/zone_tile_blackglass_wall_r0_cap_n.png	1001	1799	16	20
asset	zone_tiles/zone_tile_blackglass_wall_r0_cap_s.png	1051	1799	16	20
asset	zone_tiles/zone_tile_blackglass_wall_r0_cap_w.png	1101	1799	16	20
asset	zone_tiles/zone_tile_blackglass_wall_r0_corner_ne.png	1151	1799	16	20
asset	zone_tiles/zone_tile_blackglass_wall_r0_corner_ne_inner_sw.png	1201	1799	16	20
asset	zone_tiles/zone_tile_blackglass_wall_r0_corner_nw.png	1251	1799	16	20
asset	zone_tiles/zone_tile_blackglass_wall_r0_corner_nw_inner_se.png	1301	1799	16	20
asset	zone_tiles/zone_tile_blackglass_wall_r0_corner_se.png	1351	1799	16	20
asset	zone_tiles/zone_tile_blackglass_wall_r0_corner_se_inner_nw.png	1401	1799	16	20
asset	zone_tiles/zone_tile_blackglass_wall_r0_corner_sw.png	1451	1799	16	20
asset	zone_tiles/zone_tile_blackglass_wall_r0_corner_sw_inner_ne.png	1501	1799	16	20
asset	zone_tiles/zone_tile_blackglass_wall_r0_edge_e.png	1	1861	16	20
asset	zone_tiles/zone_tile_blackglass_wall_r0_edge_e_inner_nw.png	51	1861	16	20
asset	zone_tiles/zone_tile_blackglass_wall_r0_edge_e_inner_sw.png	101	1861	16	20
asset	zone_tiles/zone_tile_blackglass_wall_r0_edge_e_inner_sw_nw.png	151	1861	16	20
asset	zone_tiles/zone_tile_blackglass_wall_r0_edge_n.png	201	1861	16	20
asset	zone_tiles/zone_tile_blackglass_wall_r0_edge_n_inner_se.png	251	1861	16	20
asset	zone_tiles/zone_tile_blackglass_wall_r0_edge_n_inner_se_sw.png	301	1861	16	20
asset	zone_tiles/zone_tile_blackglass_wall_r0_edge_n_inner_sw.png	351	1861	16	20
asset	zone_tiles/zone_tile_blackglass_wall_r0_edge_s.png	401	1861	16	20
asset	zone_tiles/zone_tile_blackglass_wall_r0_edge_s_inner_ne.png	451	1861	16	20
asset	zone_tiles/zone_tile_blackglass_wall_r0_edge_s_inner_ne_nw.png	501	1861	16	20
asset	zone_tiles/zone_tile_blackglass_wall_r0_edge_s_inner_nw.png	551	1861	16	20
asset	zone_tiles/zone_tile_blackglass_wall_r0_edge_w.png	601	1861	16	20
asset	zone_tiles/zone_tile_blackglass_wall_r0_edge_w_inner_ne.png	651	1861	16	20
asset	zone_tiles/zone_tile_blackglass_wall_r0_edge_w_inner_ne_se.png	701	1861	16	20
asset	zone_tiles/zone_tile_blackglass_wall_r0_edge_w_inner_se.png	751	1861	16	20
asset	zone_tiles/zone_tile_blackglass_wall_r0_fill.png	801	1861	16	20
asset	zone_tiles/zone_tile_blackglass_wall_r0_fill_inner_ne.png	851	1861	16	20
asset	zone_tiles/zone_tile_blackglass_wall_r0_fill_inner_ne_nw.png	901	1861	16	20
asset	zone_tiles/zone_tile_blackglass_wall_r0_fill_inner_ne_se.png	951	1861	16	20
asset	zone_tiles/zone_tile_blackglass_wall_r0_fill_inner_ne_se_nw.png	1001	1861	16	20
asset	zone_tiles/zone_tile_blackglass_wall_r0_fill_inner_ne_se_sw.png	1051	1861	16	20
asset	zone_tiles/zone_tile_blackglass_wall_r0_fill_inner_ne_se_sw_nw.png	1101	1861	16	20
asset	zone_tiles/zone_tile_blackglass_wall_r0_fill_inner_ne_sw.png	1151	1861	16	20
asset	zone_tiles/zone_tile_blackglass_wall_r0_fill_inner_ne_sw_nw.png	1201	1861	16	20
asset	zone_tiles/zone_tile_blackglass_wall_r0_fill_inner_nw.png	1251	1861	16	20
asset	zone_tiles/zone_tile_blackglass_wall_r0_fill_inner_se.png	1301	1861	16	20
asset	zone_tiles/zone_tile_blackglass_wall_r0_fill_inner_se_nw.png	1351	1861	16	20
asset	zone_tiles/zone_tile_blackglass_wall_r0_fill_inner_se_sw.png	1401	1861	16	20
asset	zone_tiles/zone_tile_blackglass_wall_r0_fill_inner_se_sw_nw.png	1451	1861	16	20
asset	zone_tiles/zone_tile_blackglass_wall_r0_fill_inner_sw.png	1501	1861	16	20
asset	zone_tiles/zone_tile_blackglass_wall_r0_fill_inner_sw_nw.png	1	1923	16	20
asset	zone_tiles/zone_tile_blackglass_wall_r0_narrow_h.png	51	1923	16	20
asset	zone_tiles/zone_tile_blackglass_wall_r0_narrow_v.png	101	1923	16	20
asset	zone_tiles/zone_tile_blackglass_wall_r0_single.png	151	1923	16	20
asset	zone_tiles/zone_tile_blackglass_wall_r1_cap_e.png	201	1923	16	20
asset	zone_tiles/zone_tile_blackglass_wall_r1_cap_n.png	251	1923	16	20
asset	zone_tiles/zone_tile_blackglass_wall_r1_cap_s.png	301	1923	16	20
asset	zone_tiles/zone_tile_blackglass_wall_r1_cap_w.png	351	1923	16	20
asset	zone_tiles/zone_tile_blackglass_wall_r1_corner_ne.png	401	1923	16	20
asset	zone_tiles/zone_tile_blackglass_wall_r1_corner_ne_inner_sw.png	451	1923	16	20
asset	zone_tiles/zone_tile_blackglass_wall_r1_corner_nw.png	501	1923	16	20
asset	zone_tiles/zone_tile_blackglass_wall_r1_corner_nw_inner_se.png	551	1923	16	20
asset	zone_tiles/zone_tile_blackglass_wall_r1_corner_se.png	601	1923	16	20
asset	zone_tiles/zone_tile_blackglass_wall_r1_corner_se_inner_nw.png	651	1923	16	20
asset	zone_tiles/zone_tile_blackglass_wall_r1_corner_sw.png	701	1923	16	20
asset	zone_tiles/zone_tile_blackglass_wall_r1_corner_sw_inner_ne.png	751	1923	16	20
asset	zone_tiles/zone_tile_blackglass_wall_r1_edge_e.png	801	1923	16	20
asset	zone_tiles/zone_tile_blackglass_wall_r1_edge_e_inner_nw.png	851	1923	16	20
asset	zone_tiles/zone_tile_blackglass_wall_r1_edge_e_inner_sw.png	901	1923	16	20
asset	zone_tiles/zone_tile_blackglass_wall_r1_edge_e_inner_sw_nw.png	951	1923	16	20
asset	zone_tiles/zone_tile_blackglass_wall_r1_edge_n.png	1001	1923	16	20
asset	zone_tiles/zone_tile_blackglass_wall_r1_edge_n_inner_se.png	1051	1923	16	20
asset	zone_tiles/zone_tile_blackglass_wall_r1_edge_n_inner_se_sw.png	1101	1923	16	20
asset	zone_tiles/zone_tile_blackglass_wall_r1_edge_n_inner_sw.png	1151	1923	16	20
asset	zone_tiles/zone_tile_blackglass_wall_r1_edge_s.png	1201	1923	16	20
asset	zone_tiles/zone_tile_blackglass_wall_r1_edge_s_inner_ne.png	1251	1923	16	20
asset	zone_tiles/zone_tile_blackglass_wall_r1_edge_s_inner_ne_nw.png	1301	1923	16	20
asset	zone_tiles/zone_tile_blackglass_wall_r1_edge_s_inner_nw.png	1351	1923	16	20
asset	zone_tiles/zone_tile_blackglass_wall_r1_edge_w.png	1401	1923	16	20
asset	zone_tiles/zone_tile_blackglass_wall_r1_edge_w_inner_ne.png	1451	1923	16	20
asset	zone_tiles/zone_tile_blackglass_wall_r1_edge_w_inner_ne_se.png	1501	1923	16	20
asset	zone_tiles/zone_tile_blackglass_wall_r1_edge_w_inner_se.png	1	1985	16	20
asset	zone_tiles/zone_tile_blackglass_wall_r1_fill.png	51	1985	16	20
asset	zone_tiles/zone_tile_blackglass_wall_r1_fill_inner_ne.png	101	1985	16	20
asset	zone_tiles/zone_tile_blackglass_wall_r1_fill_inner_ne_nw.png	151	1985	16	20
asset	zone_tiles/zone_tile_blackglass_wall_r1_fill_inner_ne_se.png	201	1985	16	20
asset	zone_tiles/zone_tile_blackglass_wall_r1_fill_inner_ne_se_nw.png	251	1985	16	20
asset	zone_tiles/zone_tile_blackglass_wall_r1_fill_inner_ne_se_sw.png	301	1985	16	20
asset	zone_tiles/zone_tile_blackglass_wall_r1_fill_inner_ne_se_sw_nw.png	351	1985	16	20
asset	zone_tiles/zone_tile_blackglass_wall_r1_fill_inner_ne_sw.png	401	1985	16	20
asset	zone_tiles/zone_tile_blackglass_wall_r1_fill_inner_ne_sw_nw.png	451	1985	16	20
asset	zone_tiles/zone_tile_blackglass_wall_r1_fill_inner_nw.png	501	1985	16	20
asset	zone_tiles/zone_tile_blackglass_wall_r1_fill_inner_se.png	551	1985	16	20
asset	zone_tiles/zone_tile_blackglass_wall_r1_fill_inner_se_nw.png	601	1985	16	20
asset	zone_tiles/zone_tile_blackglass_wall_r1_fill_inner_se_sw.png	651	1985	16	20
asset	zone_tiles/zone_tile_blackglass_wall_r1_fill_inner_se_sw_nw.png	701	1985	16	20
asset	zone_tiles/zone_tile_blackglass_wall_r1_fill_inner_sw.png	751	1985	16	20
asset	zone_tiles/zone_tile_blackglass_wall_r1_fill_inner_sw_nw.png	801	1985	16	20
asset	zone_tiles/zone_tile_blackglass_wall_r1_narrow_h.png	851	1985	16	20
asset	zone_tiles/zone_tile_blackglass_wall_r1_narrow_v.png	901	1985	16	20
asset	zone_tiles/zone_tile_blackglass_wall_r1_single.png	951	1985	16	20
asset	zone_tiles/zone_tile_blackglass_wall_r2_cap_e.png	1001	1985	16	20
asset	zone_tiles/zone_tile_blackglass_wall_r2_cap_n.png	1051	1985	16	20
asset	zone_tiles/zone_tile_blackglass_wall_r2_cap_s.png	1101	1985	16	20
asset	zone_tiles/zone_tile_blackglass_wall_r2_cap_w.png	1151	1985	16	20
asset	zone_tiles/zone_tile_blackglass_wall_r2_corner_ne.png	1201	1985	16	20
asset	zone_tiles/zone_tile_blackglass_wall_r2_corner_ne_inner_sw.png	1251	1985	16	20
asset	zone_tiles/zone_tile_blackglass_wall_r2_corner_nw.png	1301	1985	16	20
asset	zone_tiles/zone_tile_blackglass_wall_r2_corner_nw_inner_se.png	1351	1985	16	20
asset	zone_tiles/zone_tile_blackglass_wall_r2_corner_se.png	1401	1985	16	20
asset	zone_tiles/zone_tile_blackglass_wall_r2_corner_se_inner_nw.png	1451	1985	16	20
asset	zone_tiles/zone_tile_blackglass_wall_r2_corner_sw.png	1501	1985	16	20
asset	zone_tiles/zone_tile_blackglass_wall_r2_corner_sw_inner_ne.png	1	1	16	20
asset	zone_tiles/zone_tile_blackglass_wall_r2_edge_e.png	51	1	16	20
asset	zone_tiles/zone_tile_blackglass_wall_r2_edge_e_inner_nw.png	101	1	16	20
asset	zone_tiles/zone_tile_blackglass_wall_r2_edge_e_inner_sw.png	151	1	16	20
asset	zone_tiles/zone_tile_blackglass_wall_r2_edge_e_inner_sw_nw.png	201	1	16	20
asset	zone_tiles/zone_tile_blackglass_wall_r2_edge_n.png	251	1	16	20
asset	zone_tiles/zone_tile_blackglass_wall_r2_edge_n_inner_se.png	301	1	16	20
asset	zone_tiles/zone_tile_blackglass_wall_r2_edge_n_inner_se_sw.png	351	1	16	20
asset	zone_tiles/zone_tile_blackglass_wall_r2_edge_n_inner_sw.png	401	1	16	20
asset	zone_tiles/zone_tile_blackglass_wall_r2_edge_s.png	451	1	16	20
asset	zone_tiles/zone_tile_blackglass_wall_r2_edge_s_inner_ne.png	501	1	16	20
asset	zone_tiles/zone_tile_blackglass_wall_r2_edge_s_inner_ne_nw.png	551	1	16	20
asset	zone_tiles/zone_tile_blackglass_wall_r2_edge_s_inner_nw.png	601	1	16	20
asset	zone_tiles/zone_tile_blackglass_wall_r2_edge_w.png	651	1	16	20
asset	zone_tiles/zone_tile_blackglass_wall_r2_edge_w_inner_ne.png	701	1	16	20
asset	zone_tiles/zone_tile_blackglass_wall_r2_edge_w_inner_ne_se.png	751	1	16	20
asset	zone_tiles/zone_tile_blackglass_wall_r2_edge_w_inner_se.png	801	1	16	20
asset	zone_tiles/zone_tile_blackglass_wall_r2_fill.png	851	1	16	20
asset	zone_tiles/zone_tile_blackglass_wall_r2_fill_inner_ne.png	901	1	16	20
asset	zone_tiles/zone_tile_blackglass_wall_r2_fill_inner_ne_nw.png	951	1	16	20
asset	zone_tiles/zone_tile_blackglass_wall_r2_fill_inner_ne_se.png	1001	1	16	20
asset	zone_tiles/zone_tile_blackglass_wall_r2_fill_inner_ne_se_nw.png	1051	1	16	20
asset	zone_tiles/zone_tile_blackglass_wall_r2_fill_inner_ne_se_sw.png	1101	1	16	20
asset	zone_tiles/zone_tile_blackglass_wall_r2_fill_inner_ne_se_sw_nw.png	1151	1	16	20
asset	zone_tiles/zone_tile_blackglass_wall_r2_fill_inner_ne_sw.png	1201	1	16	20
asset	zone_tiles/zone_tile_blackglass_wall_r2_fill_inner_ne_sw_nw.png	1251	1	16	20
asset	zone_tiles/zone_tile_blackglass_wall_r2_fill_inner_nw.png	1301	1	16	20
asset	zone_tiles/zone_tile_blackglass_wall_r2_fill_inner_se.png	1351	1	16	20
asset	zone_tiles/zone_tile_blackglass_wall_r2_fill_inner_se_nw.png	1401	1	16	20
asset	zone_tiles/zone_tile_blackglass_wall_r2_fill_inner_se_sw.png	1451	1	16	20
asset	zone_tiles/zone_tile_blackglass_wall_r2_fill_inner_se_sw_nw.png	1501	1	16	20
asset	zone_tiles/zone_tile_blackglass_wall_r2_fill_inner_sw.png	1	63	16	20
asset	zone_tiles/zone_tile_blackglass_wall_r2_fill_inner_sw_nw.png	51	63	16	20
asset	zone_tiles/zone_tile_blackglass_wall_r2_narrow_h.png	101	63	16	20
asset	zone_tiles/zone_tile_blackglass_wall_r2_narrow_v.png	151	63	16	20
asset	zone_tiles/zone_tile_blackglass_wall_r2_single.png	201	63	16	20
asset	zone_tiles/zone_tile_blackglass_wall_r3_cap_e.png	251	63	16	20
asset	zone_tiles/zone_tile_blackglass_wall_r3_cap_n.png	301	63	16	20
asset	zone_tiles/zone_tile_blackglass_wall_r3_cap_s.png	351	63	16	20
asset	zone_tiles/zone_tile_blackglass_wall_r3_cap_w.png	401	63	16	20
asset	zone_tiles/zone_tile_blackglass_wall_r3_corner_ne.png	451	63	16	20
asset	zone_tiles/zone_tile_blackglass_wall_r3_corner_ne_inner_sw.png	501	63	16	20
asset	zone_tiles/zone_tile_blackglass_wall_r3_corner_nw.png	551	63	16	20
asset	zone_tiles/zone_tile_blackglass_wall_r3_corner_nw_inner_se.png	601	63	16	20
asset	zone_tiles/zone_tile_blackglass_wall_r3_corner_se.png	651	63	16	20
asset	zone_tiles/zone_tile_blackglass_wall_r3_corner_se_inner_nw.png	701	63	16	20
asset	zone_tiles/zone_tile_blackglass_wall_r3_corner_sw.png	751	63	16	20
asset	zone_tiles/zone_tile_blackglass_wall_r3_corner_sw_inner_ne.png	801	63	16	20
asset	zone_tiles/zone_tile_blackglass_wall_r3_edge_e.png	851	63	16	20
asset	zone_tiles/zone_tile_blackglass_wall_r3_edge_e_inner_nw.png	901	63	16	20
asset	zone_tiles/zone_tile_blackglass_wall_r3_edge_e_inner_sw.png	951	63	16	20
asset	zone_tiles/zone_tile_blackglass_wall_r3_edge_e_inner_sw_nw.png	1001	63	16	20
asset	zone_tiles/zone_tile_blackglass_wall_r3_edge_n.png	1051	63	16	20
asset	zone_tiles/zone_tile_blackglass_wall_r3_edge_n_inner_se.png	1101	63	16	20
asset	zone_tiles/zone_tile_blackglass_wall_r3_edge_n_inner_se_sw.png	1151	63	16	20
asset	zone_tiles/zone_tile_blackglass_wall_r3_edge_n_inner_sw.png	1201	63	16	20
asset	zone_tiles/zone_tile_blackglass_wall_r3_edge_s.png	1251	63	16	20
asset	zone_tiles/zone_tile_blackglass_wall_r3_edge_s_inner_ne.png	1301	63	16	20
asset	zone_tiles/zone_tile_blackglass_wall_r3_edge_s_inner_ne_nw.png	1351	63	16	20
asset	zone_tiles/zone_tile_blackglass_wall_r3_edge_s_inner_nw.png	1401	63	16	20
asset	zone_tiles/zone_tile_blackglass_wall_r3_edge_w.png	1451	63	16	20
asset	zone_tiles/zone_tile_blackglass_wall_r3_edge_w_inner_ne.png	1501	63	16	20
asset	zone_tiles/zone_tile_blackglass_wall_r3_edge_w_inner_ne_se.png	1	125	16	20
asset	zone_tiles/zone_tile_blackglass_wall_r3_edge_w_inner_se.png	51	125	16	20
asset	zone_tiles/zone_tile_blackglass_wall_r3_fill.png	101	125	16	20
asset	zone_tiles/zone_tile_blackglass_wall_r3_fill_inner_ne.png	151	125	16	20
asset	zone_tiles/zone_tile_blackglass_wall_r3_fill_inner_ne_nw.png	201	125	16	20
asset	zone_tiles/zone_tile_blackglass_wall_r3_fill_inner_ne_se.png	251	125	16	20
asset	zone_tiles/zone_tile_blackglass_wall_r3_fill_inner_ne_se_nw.png	301	125	16	20
asset	zone_tiles/zone_tile_blackglass_wall_r3_fill_inner_ne_se_sw.png	351	125	16	20
asset	zone_tiles/zone_tile_blackglass_wall_r3_fill_inner_ne_se_sw_nw.png	401	125	16	20
asset	zone_tiles/zone_tile_blackglass_wall_r3_fill_inner_ne_sw.png	451	125	16	20
asset	zone_tiles/zone_tile_blackglass_wall_r3_fill_inner_ne_sw_nw.png	501	125	16	20
asset	zone_tiles/zone_tile_blackglass_wall_r3_fill_inner_nw.png	551	125	16	20
asset	zone_tiles/zone_tile_blackglass_wall_r3_fill_inner_se.png	601	125	16	20
asset	zone_tiles/zone_tile_blackglass_wall_r3_fill_inner_se_nw.png	651	125	16	20
asset	zone_tiles/zone_tile_blackglass_wall_r3_fill_inner_se_sw.png	701	125	16	20
asset	zone_tiles/zone_tile_blackglass_wall_r3_fill_inner_se_sw_nw.png	751	125	16	20
asset	zone_tiles/zone_tile_blackglass_wall_r3_fill_inner_sw.png	801	125	16	20
asset	zone_tiles/zone_tile_blackglass_wall_r3_fill_inner_sw_nw.png	851	125	16	20
asset	zone_tiles/zone_tile_blackglass_wall_r3_narrow_h.png	901	125	16	20
asset	zone_tiles/zone_tile_blackglass_wall_r3_narrow_v.png	951	125	16	20
asset	zone_tiles/zone_tile_blackglass_wall_r3_single.png	1001	125	16	20
asset	zone_tiles/zone_tile_blackglass_wall_r4_cap_e.png	1051	125	16	20
asset	zone_tiles/zone_tile_blackglass_wall_r4_cap_n.png	1101	125	16	20
asset	zone_tiles/zone_tile_blackglass_wall_r4_cap_s.png	1151	125	16	20
asset	zone_tiles/zone_tile_blackglass_wall_r4_cap_w.png	1201	125	16	20
asset	zone_tiles/zone_tile_blackglass_wall_r4_corner_ne.png	1251	125	16	20
asset	zone_tiles/zone_tile_blackglass_wall_r4_corner_ne_inner_sw.png	1301	125	16	20
asset	zone_tiles/zone_tile_blackglass_wall_r4_corner_nw.png	1351	125	16	20
asset	zone_tiles/zone_tile_blackglass_wall_r4_corner_nw_inner_se.png	1401	125	16	20
asset	zone_tiles/zone_tile_blackglass_wall_r4_corner_se.png	1451	125	16	20
asset	zone_tiles/zone_tile_blackglass_wall_r4_corner_se_inner_nw.png	1501	125	16	20
asset	zone_tiles/zone_tile_blackglass_wall_r4_corner_sw.png	1	187	16	20
asset	zone_tiles/zone_tile_blackglass_wall_r4_corner_sw_inner_ne.png	51	187	16	20
asset	zone_tiles/zone_tile_blackglass_wall_r4_edge_e.png	101	187	16	20
asset	zone_tiles/zone_tile_blackglass_wall_r4_edge_e_inner_nw.png	151	187	16	20
asset	zone_tiles/zone_tile_blackglass_wall_r4_edge_e_inner_sw.png	201	187	16	20
asset	zone_tiles/zone_tile_blackglass_wall_r4_edge_e_inner_sw_nw.png	251	187	16	20
asset	zone_tiles/zone_tile_blackglass_wall_r4_edge_n.png	301	187	16	20
asset	zone_tiles/zone_tile_blackglass_wall_r4_edge_n_inner_se.png	351	187	16	20
asset	zone_tiles/zone_tile_blackglass_wall_r4_edge_n_inner_se_sw.png	401	187	16	20
asset	zone_tiles/zone_tile_blackglass_wall_r4_edge_n_inner_sw.png	451	187	16	20
asset	zone_tiles/zone_tile_blackglass_wall_r4_edge_s.png	501	187	16	20
asset	zone_tiles/zone_tile_blackglass_wall_r4_edge_s_inner_ne.png	551	187	16	20
asset	zone_tiles/zone_tile_blackglass_wall_r4_edge_s_inner_ne_nw.png	601	187	16	20
asset	zone_tiles/zone_tile_blackglass_wall_r4_edge_s_inner_nw.png	651	187	16	20
asset	zone_tiles/zone_tile_blackglass_wall_r4_edge_w.png	701	187	16	20
asset	zone_tiles/zone_tile_blackglass_wall_r4_edge_w_inner_ne.png	751	187	16	20
asset	zone_tiles/zone_tile_blackglass_wall_r4_edge_w_inner_ne_se.png	801	187	16	20
asset	zone_tiles/zone_tile_blackglass_wall_r4_edge_w_inner_se.png	851	187	16	20
asset	zone_tiles/zone_tile_blackglass_wall_r4_fill.png	901	187	16	20
asset	zone_tiles/zone_tile_blackglass_wall_r4_fill_inner_ne.png	951	187	16	20
asset	zone_tiles/zone_tile_blackglass_wall_r4_fill_inner_ne_nw.png	1001	187	16	20
asset	zone_tiles/zone_tile_blackglass_wall_r4_fill_inner_ne_se.png	1051	187	16	20
asset	zone_tiles/zone_tile_blackglass_wall_r4_fill_inner_ne_se_nw.png	1101	187	16	20
asset	zone_tiles/zone_tile_blackglass_wall_r4_fill_inner_ne_se_sw.png	1151	187	16	20
asset	zone_tiles/zone_tile_blackglass_wall_r4_fill_inner_ne_se_sw_nw.png	1201	187	16	20
asset	zone_tiles/zone_tile_blackglass_wall_r4_fill_inner_ne_sw.png	1251	187	16	20
asset	zone_tiles/zone_tile_blackglass_wall_r4_fill_inner_ne_sw_nw.png	1301	187	16	20
asset	zone_tiles/zone_tile_blackglass_wall_r4_fill_inner_nw.png	1351	187	16	20
asset	zone_tiles/zone_tile_blackglass_wall_r4_fill_inner_se.png	1401	187	16	20
asset	zone_tiles/zone_tile_blackglass_wall_r4_fill_inner_se_nw.png	1451	187	16	20
asset	zone_tiles/zone_tile_blackglass_wall_r4_fill_inner_se_sw.png	1501	187	16	20
asset	zone_tiles/zone_tile_blackglass_wall_r4_fill_inner_se_sw_nw.png	1	249	16	20
asset	zone_tiles/zone_tile_blackglass_wall_r4_fill_inner_sw.png	51	249	16	20
asset	zone_tiles/zone_tile_blackglass_wall_r4_fill_inner_sw_nw.png	101	249	16	20
asset	zone_tiles/zone_tile_blackglass_wall_r4_narrow_h.png	151	249	16	20
asset	zone_tiles/zone_tile_blackglass_wall_r4_narrow_v.png	201	249	16	20
asset	zone_tiles/zone_tile_blackglass_wall_r4_single.png	251	249	16	20
asset	zone_tiles/zone_tile_blackglass_wall_r5_cap_e.png	301	249	16	20
asset	zone_tiles/zone_tile_blackglass_wall_r5_cap_n.png	351	249	16	20
asset	zone_tiles/zone_tile_blackglass_wall_r5_cap_s.png	401	249	16	20
asset	zone_tiles/zone_tile_blackglass_wall_r5_cap_w.png	451	249	16	20
asset	zone_tiles/zone_tile_blackglass_wall_r5_corner_ne.png	501	249	16	20
asset	zone_tiles/zone_tile_blackglass_wall_r5_corner_ne_inner_sw.png	551	249	16	20
asset	zone_tiles/zone_tile_blackglass_wall_r5_corner_nw.png	601	249	16	20
asset	zone_tiles/zone_tile_blackglass_wall_r5_corner_nw_inner_se.png	651	249	16	20
asset	zone_tiles/zone_tile_blackglass_wall_r5_corner_se.png	701	249	16	20
asset	zone_tiles/zone_tile_blackglass_wall_r5_corner_se_inner_nw.png	751	249	16	20
asset	zone_tiles/zone_tile_blackglass_wall_r5_corner_sw.png	801	249	16	20
asset	zone_tiles/zone_tile_blackglass_wall_r5_corner_sw_inner_ne.png	851	249	16	20
asset	zone_tiles/zone_tile_blackglass_wall_r5_edge_e.png	901	249	16	20
asset	zone_tiles/zone_tile_blackglass_wall_r5_edge_e_inner_nw.png	951	249	16	20
asset	zone_tiles/zone_tile_blackglass_wall_r5_edge_e_inner_sw.png	1001	249	16	20
asset	zone_tiles/zone_tile_blackglass_wall_r5_edge_e_inner_sw_nw.png	1051	249	16	20
asset	zone_tiles/zone_tile_blackglass_wall_r5_edge_n.png	1101	249	16	20
asset	zone_tiles/zone_tile_blackglass_wall_r5_edge_n_inner_se.png	1151	249	16	20
asset	zone_tiles/zone_tile_blackglass_wall_r5_edge_n_inner_se_sw.png	1201	249	16	20
asset	zone_tiles/zone_tile_blackglass_wall_r5_edge_n_inner_sw.png	1251	249	16	20
asset	zone_tiles/zone_tile_blackglass_wall_r5_edge_s.png	1301	249	16	20
asset	zone_tiles/zone_tile_blackglass_wall_r5_edge_s_inner_ne.png	1351	249	16	20
asset	zone_tiles/zone_tile_blackglass_wall_r5_edge_s_inner_ne_nw.png	1401	249	16	20
asset	zone_tiles/zone_tile_blackglass_wall_r5_edge_s_inner_nw.png	1451	249	16	20
asset	zone_tiles/zone_tile_blackglass_wall_r5_edge_w.png	1501	249	16	20
asset	zone_tiles/zone_tile_blackglass_wall_r5_edge_w_inner_ne.png	1	311	16	20
asset	zone_tiles/zone_tile_blackglass_wall_r5_edge_w_inner_ne_se.png	51	311	16	20
asset	zone_tiles/zone_tile_blackglass_wall_r5_edge_w_inner_se.png	101	311	16	20
asset	zone_tiles/zone_tile_blackglass_wall_r5_fill.png	151	311	16	20
asset	zone_tiles/zone_tile_blackglass_wall_r5_fill_inner_ne.png	201	311	16	20
asset	zone_tiles/zone_tile_blackglass_wall_r5_fill_inner_ne_nw.png	251	311	16	20
asset	zone_tiles/zone_tile_blackglass_wall_r5_fill_inner_ne_se.png	301	311	16	20
asset	zone_tiles/zone_tile_blackglass_wall_r5_fill_inner_ne_se_nw.png	351	311	16	20
asset	zone_tiles/zone_tile_blackglass_wall_r5_fill_inner_ne_se_sw.png	401	311	16	20
asset	zone_tiles/zone_tile_blackglass_wall_r5_fill_inner_ne_se_sw_nw.png	451	311	16	20
asset	zone_tiles/zone_tile_blackglass_wall_r5_fill_inner_ne_sw.png	501	311	16	20
asset	zone_tiles/zone_tile_blackglass_wall_r5_fill_inner_ne_sw_nw.png	551	311	16	20
asset	zone_tiles/zone_tile_blackglass_wall_r5_fill_inner_nw.png	601	311	16	20
asset	zone_tiles/zone_tile_blackglass_wall_r5_fill_inner_se.png	651	311	16	20
asset	zone_tiles/zone_tile_blackglass_wall_r5_fill_inner_se_nw.png	701	311	16	20
asset	zone_tiles/zone_tile_blackglass_wall_r5_fill_inner_se_sw.png	751	311	16	20
asset	zone_tiles/zone_tile_blackglass_wall_r5_fill_inner_se_sw_nw.png	801	311	16	20
asset	zone_tiles/zone_tile_blackglass_wall_r5_fill_inner_sw.png	851	311	16	20
asset	zone_tiles/zone_tile_blackglass_wall_r5_fill_inner_sw_nw.png	901	311	16	20
asset	zone_tiles/zone_tile_blackglass_wall_r5_narrow_h.png	951	311	16	20
asset	zone_tiles/zone_tile_blackglass_wall_r5_narrow_v.png	1001	311	16	20
asset	zone_tiles/zone_tile_blackglass_wall_r5_single.png	1051	311	16	20
asset	zone_tiles/zone_tile_deep_water_r0.png	1101	311	16	20
asset	zone_tiles/zone_tile_deep_water_r0_fringe_e.png	1151	311	16	20
asset	zone_tiles/zone_tile_deep_water_r0_fringe_n.png	1201	311	16	20
asset	zone_tiles/zone_tile_deep_water_r0_fringe_ne.png	1251	311	16	20
asset	zone_tiles/zone_tile_deep_water_r0_fringe_nw.png	1301	311	16	20
asset	zone_tiles/zone_tile_deep_water_r0_fringe_s.png	1351	311	16	20
asset	zone_tiles/zone_tile_deep_water_r0_fringe_se.png	1401	311	16	20
asset	zone_tiles/zone_tile_deep_water_r0_fringe_sw.png	1451	311	16	20
asset	zone_tiles/zone_tile_deep_water_r0_fringe_w.png	1501	311	16	20
asset	zone_tiles/zone_tile_deep_water_r1.png	1	373	16	20
asset	zone_tiles/zone_tile_deep_water_r1_fringe_e.png	51	373	16	20
asset	zone_tiles/zone_tile_deep_water_r1_fringe_n.png	101	373	16	20
asset	zone_tiles/zone_tile_deep_water_r1_fringe_ne.png	151	373	16	20
asset	zone_tiles/zone_tile_deep_water_r1_fringe_nw.png	201	373	16	20
asset	zone_tiles/zone_tile_deep_water_r1_fringe_s.png	251	373	16	20
asset	zone_tiles/zone_tile_deep_water_r1_fringe_se.png	301	373	16	20
asset	zone_tiles/zone_tile_deep_water_r1_fringe_sw.png	351	373	16	20
asset	zone_tiles/zone_tile_deep_water_r1_fringe_w.png	401	373	16	20
asset	zone_tiles/zone_tile_deep_water_r2.png	451	373	16	20
asset	zone_tiles/zone_tile_deep_water_r2_fringe_e.png	501	373	16	20
asset	zone_tiles/zone_tile_deep_water_r2_fringe_n.png	551	373	16	20
asset	zone_tiles/zone_tile_deep_water_r2_fringe_ne.png	601	373	16	20
asset	zone_tiles/zone_tile_deep_water_r2_fringe_nw.png	651	373	16	20
asset	zone_tiles/zone_tile_deep_water_r2_fringe_s.png	701	373	16	20
asset	zone_tiles/zone_tile_deep_water_r2_fringe_se.png	751	373	16	20
asset	zone_tiles/zone_tile_deep_water_r2_fringe_sw.png	801	373	16	20
asset	zone_tiles/zone_tile_deep_water_r2_fringe_w.png	851	373	16	20
asset	zone_tiles/zone_tile_deep_water_r3.png	901	373	16	20
asset	zone_tiles/zone_tile_deep_water_r3_fringe_e.png	951	373	16	20
asset	zone_tiles/zone_tile_deep_water_r3_fringe_n.png	1001	373	16	20
asset	zone_tiles/zone_tile_deep_water_r3_fringe_ne.png	1051	373	16	20
asset	zone_tiles/zone_tile_deep_water_r3_fringe_nw.png	1101	373	16	20
asset	zone_tiles/zone_tile_deep_water_r3_fringe_s.png	1151	373	16	20
asset	zone_tiles/zone_tile_deep_water_r3_fringe_se.png	1201	373	16	20
asset	zone_tiles/zone_tile_deep_water_r3_fringe_sw.png	1251	373	16	20
asset	zone_tiles/zone_tile_deep_water_r3_fringe_w.png	1301	373	16	20
asset	zone_tiles/zone_tile_deep_water_r4.png	1351	373	16	20
asset	zone_tiles/zone_tile_deep_water_r4_fringe_e.png	1401	373	16	20
asset	zone_tiles/zone_tile_deep_water_r4_fringe_n.png	1451	373	16	20
asset	zone_tiles/zone_tile_deep_water_r4_fringe_ne.png	1501	373	16	20
asset	zone_tiles/zone_tile_deep_water_r4_fringe_nw.png	1	435	16	20
asset	zone_tiles/zone_tile_deep_water_r4_fringe_s.png	51	435	16	20
asset	zone_tiles/zone_tile_deep_water_r4_fringe_se.png	101	435	16	20
asset	zone_tiles/zone_tile_deep_water_r4_fringe_sw.png	151	435	16	20
asset	zone_tiles/zone_tile_deep_water_r4_fringe_w.png	201	435	16	20
asset	zone_tiles/zone_tile_dirt_dry_r0.png	251	435	16	20
asset	zone_tiles/zone_tile_dirt_dry_r0_fringe_e.png	301	435	16	20
asset	zone_tiles/zone_tile_dirt_dry_r0_fringe_n.png	351	435	16	20
asset	zone_tiles/zone_tile_dirt_dry_r0_fringe_ne.png	401	435	16	20
asset	zone_tiles/zone_tile_dirt_dry_r0_fringe_nw.png	451	435	16	20
asset	zone_tiles/zone_tile_dirt_dry_r0_fringe_s.png	501	435	16	20
asset	zone_tiles/zone_tile_dirt_dry_r0_fringe_se.png	551	435	16	20
asset	zone_tiles/zone_tile_dirt_dry_r0_fringe_sw.png	601	435	16	20
asset	zone_tiles/zone_tile_dirt_dry_r0_fringe_w.png	651	435	16	20
asset	zone_tiles/zone_tile_dirt_dry_r1.png	701	435	16	20
asset	zone_tiles/zone_tile_dirt_dry_r1_fringe_e.png	751	435	16	20
asset	zone_tiles/zone_tile_dirt_dry_r1_fringe_n.png	801	435	16	20
asset	zone_tiles/zone_tile_dirt_dry_r1_fringe_ne.png	851	435	16	20
asset	zone_tiles/zone_tile_dirt_dry_r1_fringe_nw.png	901	435	16	20
asset	zone_tiles/zone_tile_dirt_dry_r1_fringe_s.png	951	435	16	20
asset	zone_tiles/zone_tile_dirt_dry_r1_fringe_se.png	1001	435	16	20
asset	zone_tiles/zone_tile_dirt_dry_r1_fringe_sw.png	1051	435	16	20
asset	zone_tiles/zone_tile_dirt_dry_r1_fringe_w.png	1101	435	16	20
asset	zone_tiles/zone_tile_dirt_dry_r2.png	1151	435	16	20
asset	zone_tiles/zone_tile_dirt_dry_r2_fringe_e.png	1201	435	16	20
asset	zone_tiles/zone_tile_dirt_dry_r2_fringe_n.png	1251	435	16	20
asset	zone_tiles/zone_tile_dirt_dry_r2_fringe_ne.png	1301	435	16	20
asset	zone_tiles/zone_tile_dirt_dry_r2_fringe_nw.png	1351	435	16	20
asset	zone_tiles/zone_tile_dirt_dry_r2_fringe_s.png	1401	435	16	20
asset	zone_tiles/zone_tile_dirt_dry_r2_fringe_se.png	1451	435	16	20
asset	zone_tiles/zone_tile_dirt_dry_r2_fringe_sw.png	1501	435	16	20
asset	zone_tiles/zone_tile_dirt_dry_r2_fringe_w.png	1	497	16	20
asset	zone_tiles/zone_tile_dirt_dry_r3.png	51	497	16	20
asset	zone_tiles/zone_tile_dirt_dry_r3_fringe_e.png	101	497	16	20
asset	zone_tiles/zone_tile_dirt_dry_r3_fringe_n.png	151	497	16	20
asset	zone_tiles/zone_tile_dirt_dry_r3_fringe_ne.png	201	497	16	20
asset	zone_tiles/zone_tile_dirt_dry_r3_fringe_nw.png	251	497	16	20
asset	zone_tiles/zone_tile_dirt_dry_r3_fringe_s.png	301	497	16	20
asset	zone_tiles/zone_tile_dirt_dry_r3_fringe_se.png	351	497	16	20
asset	zone_tiles/zone_tile_dirt_dry_r3_fringe_sw.png	401	497	16	20
asset	zone_tiles/zone_tile_dirt_dry_r3_fringe_w.png	451	497	16	20
asset	zone_tiles/zone_tile_dirt_wet_r0.png	501	497	16	20
asset	zone_tiles/zone_tile_dirt_wet_r0_fringe_e.png	551	497	16	20
asset	zone_tiles/zone_tile_dirt_wet_r0_fringe_n.png	601	497	16	20
asset	zone_tiles/zone_tile_dirt_wet_r0_fringe_ne.png	651	497	16	20
asset	zone_tiles/zone_tile_dirt_wet_r0_fringe_nw.png	701	497	16	20
asset	zone_tiles/zone_tile_dirt_wet_r0_fringe_s.png	751	497	16	20
asset	zone_tiles/zone_tile_dirt_wet_r0_fringe_se.png	801	497	16	20
asset	zone_tiles/zone_tile_dirt_wet_r0_fringe_sw.png	851	497	16	20
asset	zone_tiles/zone_tile_dirt_wet_r0_fringe_w.png	901	497	16	20
asset	zone_tiles/zone_tile_dirt_wet_r1.png	951	497	16	20
asset	zone_tiles/zone_tile_dirt_wet_r1_fringe_e.png	1001	497	16	20
asset	zone_tiles/zone_tile_dirt_wet_r1_fringe_n.png	1051	497	16	20
asset	zone_tiles/zone_tile_dirt_wet_r1_fringe_ne.png	1101	497	16	20
asset	zone_tiles/zone_tile_dirt_wet_r1_fringe_nw.png	1151	497	16	20
asset	zone_tiles/zone_tile_dirt_wet_r1_fringe_s.png	1201	497	16	20
asset	zone_tiles/zone_tile_dirt_wet_r1_fringe_se.png	1251	497	16	20
asset	zone_tiles/zone_tile_dirt_wet_r1_fringe_sw.png	1301	497	16	20
asset	zone_tiles/zone_tile_dirt_wet_r1_fringe_w.png	1351	497	16	20
asset	zone_tiles/zone_tile_dirt_wet_r2.png	1401	497	16	20
asset	zone_tiles/zone_tile_dirt_wet_r2_fringe_e.png	1451	497	16	20
asset	zone_tiles/zone_tile_dirt_wet_r2_fringe_n.png	1501	497	16	20
asset	zone_tiles/zone_tile_dirt_wet_r2_fringe_ne.png	1	559	16	20
asset	zone_tiles/zone_tile_dirt_wet_r2_fringe_nw.png	51	559	16	20
asset	zone_tiles/zone_tile_dirt_wet_r2_fringe_s.png	101	559	16	20
asset	zone_tiles/zone_tile_dirt_wet_r2_fringe_se.png	151	559	16	20
asset	zone_tiles/zone_tile_dirt_wet_r2_fringe_sw.png	201	559	16	20
asset	zone_tiles/zone_tile_dirt_wet_r2_fringe_w.png	251	559	16	20
asset	zone_tiles/zone_tile_dirt_wet_r3.png	301	559	16	20
asset	zone_tiles/zone_tile_dirt_wet_r3_fringe_e.png	351	559	16	20
asset	zone_tiles/zone_tile_dirt_wet_r3_fringe_n.png	401	559	16	20
asset	zone_tiles/zone_tile_dirt_wet_r3_fringe_ne.png	451	559	16	20
asset	zone_tiles/zone_tile_dirt_wet_r3_fringe_nw.png	501	559	16	20
asset	zone_tiles/zone_tile_dirt_wet_r3_fringe_s.png	551	559	16	20
asset	zone_tiles/zone_tile_dirt_wet_r3_fringe_se.png	601	559	16	20
asset	zone_tiles/zone_tile_dirt_wet_r3_fringe_sw.png	651	559	16	20
asset	zone_tiles/zone_tile_dirt_wet_r3_fringe_w.png	701	559	16	20
asset	zone_tiles/zone_tile_fence_dark_r0_bl.png	751	559	16	20
asset	zone_tiles/zone_tile_fence_dark_r0_br.png	801	559	16	20
asset	zone_tiles/zone_tile_fence_dark_r0_cross.png	851	559	16	20
asset	zone_tiles/zone_tile_fence_dark_r0_end_e.png	901	559	16	20
asset	zone_tiles/zone_tile_fence_dark_r0_end_n.png	951	559	16	20
asset	zone_tiles/zone_tile_fence_dark_r0_end_s.png	1001	559	16	20
asset	zone_tiles/zone_tile_fence_dark_r0_end_w.png	1051	559	16	20
asset	zone_tiles/zone_tile_fence_dark_r0_h.png	1101	559	16	20
asset	zone_tiles/zone_tile_fence_dark_r0_single.png	1151	559	16	20
asset	zone_tiles/zone_tile_fence_dark_r0_tee_esw.png	1201	559	16	20
asset	zone_tiles/zone_tile_fence_dark_r0_tee_nes.png	1251	559	16	20
asset	zone_tiles/zone_tile_fence_dark_r0_tee_new.png	1301	559	16	20
asset	zone_tiles/zone_tile_fence_dark_r0_tee_nsw.png	1351	559	16	20
asset	zone_tiles/zone_tile_fence_dark_r0_tl.png	1401	559	16	20
asset	zone_tiles/zone_tile_fence_dark_r0_tr.png	1451	559	16	20
asset	zone_tiles/zone_tile_fence_dark_r0_v.png	1501	559	16	20
asset	zone_tiles/zone_tile_fence_dark_r1_bl.png	1	621	16	20
asset	zone_tiles/zone_tile_fence_dark_r1_br.png	51	621	16	20
asset	zone_tiles/zone_tile_fence_dark_r1_cross.png	101	621	16	20
asset	zone_tiles/zone_tile_fence_dark_r1_end_e.png	151	621	16	20
asset	zone_tiles/zone_tile_fence_dark_r1_end_n.png	201	621	16	20
asset	zone_tiles/zone_tile_fence_dark_r1_end_s.png	251	621	16	20
asset	zone_tiles/zone_tile_fence_dark_r1_end_w.png	301	621	16	20
asset	zone_tiles/zone_tile_fence_dark_r1_h.png	351	621	16	20
asset	zone_tiles/zone_tile_fence_dark_r1_single.png	401	621	16	20
asset	zone_tiles/zone_tile_fence_dark_r1_tee_esw.png	451	621	16	20
asset	zone_tiles/zone_tile_fence_dark_r1_tee_nes.png	501	621	16	20
asset	zone_tiles/zone_tile_fence_dark_r1_tee_new.png	551	621	16	20
asset	zone_tiles/zone_tile_fence_dark_r1_tee_nsw.png	601	621	16	20
asset	zone_tiles/zone_tile_fence_dark_r1_tl.png	651	621	16	20
asset	zone_tiles/zone_tile_fence_dark_r1_tr.png	701	621	16	20
asset	zone_tiles/zone_tile_fence_dark_r1_v.png	751	621	16	20
asset	zone_tiles/zone_tile_fence_r0_bl.png	801	621	16	20
asset	zone_tiles/zone_tile_fence_r0_br.png	851	621	16	20
asset	zone_tiles/zone_tile_fence_r0_cross.png	901	621	16	20
asset	zone_tiles/zone_tile_fence_r0_end_e.png	951	621	16	20
asset	zone_tiles/zone_tile_fence_r0_end_n.png	1001	621	16	20
asset	zone_tiles/zone_tile_fence_r0_end_s.png	1051	621	16	20
asset	zone_tiles/zone_tile_fence_r0_end_w.png	1101	621	16	20
asset	zone_tiles/zone_tile_fence_r0_h.png	1151	621	16	20
asset	zone_tiles/zone_tile_fence_r0_single.png	1201	621	16	20
asset	zone_tiles/zone_tile_fence_r0_tee_esw.png	1251	621	16	20
asset	zone_tiles/zone_tile_fence_r0_tee_nes.png	1301	621	16	20
asset	zone_tiles/zone_tile_fence_r0_tee_new.png	1351	621	16	20
asset	zone_tiles/zone_tile_fence_r0_tee_nsw.png	1401	621	16	20
asset	zone_tiles/zone_tile_fence_r0_tl.png	1451	621	16	20
asset	zone_tiles/zone_tile_fence_r0_tr.png	1501	621	16	20
asset	zone_tiles/zone_tile_fence_r0_v.png	1	683	16	20
asset	zone_tiles/zone_tile_fence_r1_bl.png	51	683	16	20
asset	zone_tiles/zone_tile_fence_r1_br.png	101	683	16	20
asset	zone_tiles/zone_tile_fence_r1_cross.png	151	683	16	20
asset	zone_tiles/zone_tile_fence_r1_end_e.png	201	683	16	20
asset	zone_tiles/zone_tile_fence_r1_end_n.png	251	683	16	20
asset	zone_tiles/zone_tile_fence_r1_end_s.png	301	683	16	20
asset	zone_tiles/zone_tile_fence_r1_end_w.png	351	683	16	20
asset	zone_tiles/zone_tile_fence_r1_h.png	401	683	16	20
asset	zone_tiles/zone_tile_fence_r1_single.png	451	683	16	20
asset	zone_tiles/zone_tile_fence_r1_tee_esw.png	501	683	16	20
asset	zone_tiles/zone_tile_fence_r1_tee_nes.png	551	683	16	20
asset	zone_tiles/zone_tile_fence_r1_tee_new.png	601	683	16	20
asset	zone_tiles/zone_tile_fence_r1_tee_nsw.png	651	683	16	20
asset	zone_tiles/zone_tile_fence_r1_tl.png	701	683	16	20
asset	zone_tiles/zone_tile_fence_r1_tr.png	751	683	16	20
asset	zone_tiles/zone_tile_fence_r1_v.png	801	683	16	20
asset	zone_tiles/zone_tile_grass_dark_plant0.png	851	683	16	20
asset	zone_tiles/zone_tile_grass_dark_plant0_fringe_e.png	901	683	16	20
asset	zone_tiles/zone_tile_grass_dark_plant0_fringe_n.png	951	683	16	20
asset	zone_tiles/zone_tile_grass_dark_plant0_fringe_ne.png	1001	683	16	20
asset	zone_tiles/zone_tile_grass_dark_plant0_fringe_nw.png	1051	683	16	20
asset	zone_tiles/zone_tile_grass_dark_plant0_fringe_s.png	1101	683	16	20
asset	zone_tiles/zone_tile_grass_dark_plant0_fringe_se.png	1151	683	16	20
asset	zone_tiles/zone_tile_grass_dark_plant0_fringe_sw.png	1201	683	16	20
asset	zone_tiles/zone_tile_grass_dark_plant0_fringe_w.png	1251	683	16	20
asset	zone_tiles/zone_tile_grass_dark_r0.png	1301	683	16	20
asset	zone_tiles/zone_tile_grass_dark_r0_fringe_e.png	1351	683	16	20
asset	zone_tiles/zone_tile_grass_dark_r0_fringe_n.png	1401	683	16	20
asset	zone_tiles/zone_tile_grass_dark_r0_fringe_ne.png	1451	683	16	20
asset	zone_tiles/zone_tile_grass_dark_r0_fringe_nw.png	1501	683	16	20
asset	zone_tiles/zone_tile_grass_dark_r0_fringe_s.png	1	745	16	20
asset	zone_tiles/zone_tile_grass_dark_r0_fringe_se.png	51	745	16	20
asset	zone_tiles/zone_tile_grass_dark_r0_fringe_sw.png	101	745	16	20
asset	zone_tiles/zone_tile_grass_dark_r0_fringe_w.png	151	745	16	20
asset	zone_tiles/zone_tile_grass_dark_r1.png	201	745	16	20
asset	zone_tiles/zone_tile_grass_dark_r1_fringe_e.png	251	745	16	20
asset	zone_tiles/zone_tile_grass_dark_r1_fringe_n.png	301	745	16	20
asset	zone_tiles/zone_tile_grass_dark_r1_fringe_ne.png	351	745	16	20
asset	zone_tiles/zone_tile_grass_dark_r1_fringe_nw.png	401	745	16	20
asset	zone_tiles/zone_tile_grass_dark_r1_fringe_s.png	451	745	16	20
asset	zone_tiles/zone_tile_grass_dark_r1_fringe_se.png	501	745	16	20
asset	zone_tiles/zone_tile_grass_dark_r1_fringe_sw.png	551	745	16	20
asset	zone_tiles/zone_tile_grass_dark_r1_fringe_w.png	601	745	16	20
asset	zone_tiles/zone_tile_grass_light_plant0.png	651	745	16	20
asset	zone_tiles/zone_tile_grass_light_plant0_fringe_e.png	701	745	16	20
asset	zone_tiles/zone_tile_grass_light_plant0_fringe_n.png	751	745	16	20
asset	zone_tiles/zone_tile_grass_light_plant0_fringe_ne.png	801	745	16	20
asset	zone_tiles/zone_tile_grass_light_plant0_fringe_nw.png	851	745	16	20
asset	zone_tiles/zone_tile_grass_light_plant0_fringe_s.png	901	745	16	20
asset	zone_tiles/zone_tile_grass_light_plant0_fringe_se.png	951	745	16	20
asset	zone_tiles/zone_tile_grass_light_plant0_fringe_sw.png	1001	745	16	20
asset	zone_tiles/zone_tile_grass_light_plant0_fringe_w.png	1051	745	16	20
asset	zone_tiles/zone_tile_grass_light_r0.png	1101	745	16	20
asset	zone_tiles/zone_tile_grass_light_r0_fringe_e.png	1151	745	16	20
asset	zone_tiles/zone_tile_grass_light_r0_fringe_n.png	1201	745	16	20
asset	zone_tiles/zone_tile_grass_light_r0_fringe_ne.png	1251	745	16	20
asset	zone_tiles/zone_tile_grass_light_r0_fringe_nw.png	1301	745	16	20
asset	zone_tiles/zone_tile_grass_light_r0_fringe_s.png	1351	745	16	20
asset	zone_tiles/zone_tile_grass_light_r0_fringe_se.png	1401	745	16	20
asset	zone_tiles/zone_tile_grass_light_r0_fringe_sw.png	1451	745	16	20
asset	zone_tiles/zone_tile_grass_light_r0_fringe_w.png	1501	745	16	20
asset	zone_tiles/zone_tile_grass_light_r1.png	1	807	16	20
asset	zone_tiles/zone_tile_grass_light_r1_fringe_e.png	51	807	16	20
asset	zone_tiles/zone_tile_grass_light_r1_fringe_n.png	101	807	16	20
asset	zone_tiles/zone_tile_grass_light_r1_fringe_ne.png	151	807	16	20
asset	zone_tiles/zone_tile_grass_light_r1_fringe_nw.png	201	807	16	20
asset	zone_tiles/zone_tile_grass_light_r1_fringe_s.png	251	807	16	20
asset	zone_tiles/zone_tile_grass_light_r1_fringe_se.png	301	807	16	20
asset	zone_tiles/zone_tile_grass_light_r1_fringe_sw.png	351	807	16	20
asset	zone_tiles/zone_tile_grass_light_r1_fringe_w.png	401	807	16	20
asset	zone_tiles/zone_tile_hill.png	1	1365	16	20
asset	zone_tiles/zone_tile_marble_floor_r0.png	51	1365	16	20
asset	zone_tiles/zone_tile_marble_floor_r1.png	101	1365	16	20
asset	zone_tiles/zone_tile_marble_floor_r2.png	151	1365	16	20
asset	zone_tiles/zone_tile_marble_floor_r3.png	201	1365	16	20
asset	zone_tiles/zone_tile_marble_wall_r0_cap_e.png	451	807	16	20
asset	zone_tiles/zone_tile_marble_wall_r0_cap_n.png	501	807	16	20
asset	zone_tiles/zone_tile_marble_wall_r0_cap_s.png	551	807	16	20
asset	zone_tiles/zone_tile_marble_wall_r0_cap_w.png	601	807	16	20
asset	zone_tiles/zone_tile_marble_wall_r0_corner_ne.png	651	807	16	20
asset	zone_tiles/zone_tile_marble_wall_r0_corner_ne_inner_sw.png	701	807	16	20
asset	zone_tiles/zone_tile_marble_wall_r0_corner_nw.png	751	807	16	20
asset	zone_tiles/zone_tile_marble_wall_r0_corner_nw_inner_se.png	801	807	16	20
asset	zone_tiles/zone_tile_marble_wall_r0_corner_se.png	851	807	16	20
asset	zone_tiles/zone_tile_marble_wall_r0_corner_se_inner_nw.png	901	807	16	20
asset	zone_tiles/zone_tile_marble_wall_r0_corner_sw.png	951	807	16	20
asset	zone_tiles/zone_tile_marble_wall_r0_corner_sw_inner_ne.png	1001	807	16	20
asset	zone_tiles/zone_tile_marble_wall_r0_edge_e.png	1051	807	16	20
asset	zone_tiles/zone_tile_marble_wall_r0_edge_e_inner_nw.png	1101	807	16	20
asset	zone_tiles/zone_tile_marble_wall_r0_edge_e_inner_sw.png	1151	807	16	20
asset	zone_tiles/zone_tile_marble_wall_r0_edge_e_inner_sw_nw.png	1201	807	16	20
asset	zone_tiles/zone_tile_marble_wall_r0_edge_n.png	1251	807	16	20
asset	zone_tiles/zone_tile_marble_wall_r0_edge_n_inner_se.png	1301	807	16	20
asset	zone_tiles/zone_tile_marble_wall_r0_edge_n_inner_se_sw.png	1351	807	16	20
asset	zone_tiles/zone_tile_marble_wall_r0_edge_n_inner_sw.png	1401	807	16	20
asset	zone_tiles/zone_tile_marble_wall_r0_edge_s.png	1451	807	16	20
asset	zone_tiles/zone_tile_marble_wall_r0_edge_s_inner_ne.png	1501	807	16	20
asset	zone_tiles/zone_tile_marble_wall_r0_edge_s_inner_ne_nw.png	1	869	16	20
asset	zone_tiles/zone_tile_marble_wall_r0_edge_s_inner_nw.png	51	869	16	20
asset	zone_tiles/zone_tile_marble_wall_r0_edge_w.png	101	869	16	20
asset	zone_tiles/zone_tile_marble_wall_r0_edge_w_inner_ne.png	151	869	16	20
asset	zone_tiles/zone_tile_marble_wall_r0_edge_w_inner_ne_se.png	201	869	16	20
asset	zone_tiles/zone_tile_marble_wall_r0_edge_w_inner_se.png	251	869	16	20
asset	zone_tiles/zone_tile_marble_wall_r0_fill.png	301	869	16	20
asset	zone_tiles/zone_tile_marble_wall_r0_fill_inner_ne.png	351	869	16	20
asset	zone_tiles/zone_tile_marble_wall_r0_fill_inner_ne_nw.png	401	869	16	20
asset	zone_tiles/zone_tile_marble_wall_r0_fill_inner_ne_se.png	451	869	16	20
asset	zone_tiles/zone_tile_marble_wall_r0_fill_inner_ne_se_nw.png	501	869	16	20
asset	zone_tiles/zone_tile_marble_wall_r0_fill_inner_ne_se_sw.png	551	869	16	20
asset	zone_tiles/zone_tile_marble_wall_r0_fill_inner_ne_se_sw_nw.png	601	869	16	20
asset	zone_tiles/zone_tile_marble_wall_r0_fill_inner_ne_sw.png	651	869	16	20
asset	zone_tiles/zone_tile_marble_wall_r0_fill_inner_ne_sw_nw.png	701	869	16	20
asset	zone_tiles/zone_tile_marble_wall_r0_fill_inner_nw.png	751	869	16	20
asset	zone_tiles/zone_tile_marble_wall_r0_fill_inner_se.png	801	869	16	20
asset	zone_tiles/zone_tile_marble_wall_r0_fill_inner_se_nw.png	851	869	16	20
asset	zone_tiles/zone_tile_marble_wall_r0_fill_inner_se_sw.png	901	869	16	20
asset	zone_tiles/zone_tile_marble_wall_r0_fill_inner_se_sw_nw.png	951	869	16	20
asset	zone_tiles/zone_tile_marble_wall_r0_fill_inner_sw.png	1001	869	16	20
asset	zone_tiles/zone_tile_marble_wall_r0_fill_inner_sw_nw.png	1051	869	16	20
asset	zone_tiles/zone_tile_marble_wall_r0_narrow_h.png	1101	869	16	20
asset	zone_tiles/zone_tile_marble_wall_r0_narrow_v.png	1151	869	16	20
asset	zone_tiles/zone_tile_marble_wall_r0_single.png	1201	869	16	20
asset	zone_tiles/zone_tile_mountain.png	251	1365	16	20
asset	zone_tiles/zone_tile_pit.png	301	1365	16	20
asset	zone_tiles/zone_tile_road_cobblestone_outline_r0.png	1251	869	16	20
asset	zone_tiles/zone_tile_road_cobblestone_outline_r0_fringe_e.png	1301	869	16	20
asset	zone_tiles/zone_tile_road_cobblestone_outline_r0_fringe_n.png	1351	869	16	20
asset	zone_tiles/zone_tile_road_cobblestone_outline_r0_fringe_ne.png	1401	869	16	20
asset	zone_tiles/zone_tile_road_cobblestone_outline_r0_fringe_nw.png	1451	869	16	20
asset	zone_tiles/zone_tile_road_cobblestone_outline_r0_fringe_s.png	1501	869	16	20
asset	zone_tiles/zone_tile_road_cobblestone_outline_r0_fringe_se.png	1	931	16	20
asset	zone_tiles/zone_tile_road_cobblestone_outline_r0_fringe_sw.png	51	931	16	20
asset	zone_tiles/zone_tile_road_cobblestone_outline_r0_fringe_w.png	101	931	16	20
asset	zone_tiles/zone_tile_road_cobblestone_outline_r1.png	151	931	16	20
asset	zone_tiles/zone_tile_road_cobblestone_outline_r1_fringe_e.png	201	931	16	20
asset	zone_tiles/zone_tile_road_cobblestone_outline_r1_fringe_n.png	251	931	16	20
asset	zone_tiles/zone_tile_road_cobblestone_outline_r1_fringe_ne.png	301	931	16	20
asset	zone_tiles/zone_tile_road_cobblestone_outline_r1_fringe_nw.png	351	931	16	20
asset	zone_tiles/zone_tile_road_cobblestone_outline_r1_fringe_s.png	401	931	16	20
asset	zone_tiles/zone_tile_road_cobblestone_outline_r1_fringe_se.png	451	931	16	20
asset	zone_tiles/zone_tile_road_cobblestone_outline_r1_fringe_sw.png	501	931	16	20
asset	zone_tiles/zone_tile_road_cobblestone_outline_r1_fringe_w.png	551	931	16	20
asset	zone_tiles/zone_tile_road_cobblestone_outline_r2.png	601	931	16	20
asset	zone_tiles/zone_tile_road_cobblestone_outline_r2_fringe_e.png	651	931	16	20
asset	zone_tiles/zone_tile_road_cobblestone_outline_r2_fringe_n.png	701	931	16	20
asset	zone_tiles/zone_tile_road_cobblestone_outline_r2_fringe_ne.png	751	931	16	20
asset	zone_tiles/zone_tile_road_cobblestone_outline_r2_fringe_nw.png	801	931	16	20
asset	zone_tiles/zone_tile_road_cobblestone_outline_r2_fringe_s.png	851	931	16	20
asset	zone_tiles/zone_tile_road_cobblestone_outline_r2_fringe_se.png	901	931	16	20
asset	zone_tiles/zone_tile_road_cobblestone_outline_r2_fringe_sw.png	951	931	16	20
asset	zone_tiles/zone_tile_road_cobblestone_outline_r2_fringe_w.png	1001	931	16	20
asset	zone_tiles/zone_tile_road_cobblestone_outline_r3.png	1051	931	16	20
asset	zone_tiles/zone_tile_road_cobblestone_outline_r3_fringe_e.png	1101	931	16	20
asset	zone_tiles/zone_tile_road_cobblestone_outline_r3_fringe_n.png	1151	931	16	20
asset	zone_tiles/zone_tile_road_cobblestone_outline_r3_fringe_ne.png	1201	931	16	20
asset	zone_tiles/zone_tile_road_cobblestone_outline_r3_fringe_nw.png	1251	931	16	20
asset	zone_tiles/zone_tile_road_cobblestone_outline_r3_fringe_s.png	1301	931	16	20
asset	zone_tiles/zone_tile_road_cobblestone_outline_r3_fringe_se.png	1351	931	16	20
asset	zone_tiles/zone_tile_road_cobblestone_outline_r3_fringe_sw.png	1401	931	16	20
asset	zone_tiles/zone_tile_road_cobblestone_outline_r3_fringe_w.png	1451	931	16	20
asset	zone_tiles/zone_tile_road_cobblestone_outline_r4.png	1501	931	16	20
asset	zone_tiles/zone_tile_road_cobblestone_outline_r4_fringe_e.png	1	993	16	20
asset	zone_tiles/zone_tile_road_cobblestone_outline_r4_fringe_n.png	51	993	16	20
asset	zone_tiles/zone_tile_road_cobblestone_outline_r4_fringe_ne.png	101	993	16	20
asset	zone_tiles/zone_tile_road_cobblestone_outline_r4_fringe_nw.png	151	993	16	20
asset	zone_tiles/zone_tile_road_cobblestone_outline_r4_fringe_s.png	201	993	16	20
asset	zone_tiles/zone_tile_road_cobblestone_outline_r4_fringe_se.png	251	993	16	20
asset	zone_tiles/zone_tile_road_cobblestone_outline_r4_fringe_sw.png	301	993	16	20
asset	zone_tiles/zone_tile_road_cobblestone_outline_r4_fringe_w.png	351	993	16	20
asset	zone_tiles/zone_tile_road_cobblestone_r0.png	401	993	16	20
asset	zone_tiles/zone_tile_road_cobblestone_r0_fringe_e.png	451	993	16	20
asset	zone_tiles/zone_tile_road_cobblestone_r0_fringe_n.png	501	993	16	20
asset	zone_tiles/zone_tile_road_cobblestone_r0_fringe_ne.png	551	993	16	20
asset	zone_tiles/zone_tile_road_cobblestone_r0_fringe_nw.png	601	993	16	20
asset	zone_tiles/zone_tile_road_cobblestone_r0_fringe_s.png	651	993	16	20
asset	zone_tiles/zone_tile_road_cobblestone_r0_fringe_se.png	701	993	16	20
asset	zone_tiles/zone_tile_road_cobblestone_r0_fringe_sw.png	751	993	16	20
asset	zone_tiles/zone_tile_road_cobblestone_r0_fringe_w.png	801	993	16	20
asset	zone_tiles/zone_tile_road_cobblestone_r1.png	851	993	16	20
asset	zone_tiles/zone_tile_road_cobblestone_r1_fringe_e.png	901	993	16	20
asset	zone_tiles/zone_tile_road_cobblestone_r1_fringe_n.png	951	993	16	20
asset	zone_tiles/zone_tile_road_cobblestone_r1_fringe_ne.png	1001	993	16	20
asset	zone_tiles/zone_tile_road_cobblestone_r1_fringe_nw.png	1051	993	16	20
asset	zone_tiles/zone_tile_road_cobblestone_r1_fringe_s.png	1101	993	16	20
asset	zone_tiles/zone_tile_road_cobblestone_r1_fringe_se.png	1151	993	16	20
asset	zone_tiles/zone_tile_road_cobblestone_r1_fringe_sw.png	1201	993	16	20
asset	zone_tiles/zone_tile_road_cobblestone_r1_fringe_w.png	1251	993	16	20
asset	zone_tiles/zone_tile_road_cobblestone_r2.png	1301	993	16	20
asset	zone_tiles/zone_tile_road_cobblestone_r2_fringe_e.png	1351	993	16	20
asset	zone_tiles/zone_tile_road_cobblestone_r2_fringe_n.png	1401	993	16	20
asset	zone_tiles/zone_tile_road_cobblestone_r2_fringe_ne.png	1451	993	16	20
asset	zone_tiles/zone_tile_road_cobblestone_r2_fringe_nw.png	1501	993	16	20
asset	zone_tiles/zone_tile_road_cobblestone_r2_fringe_s.png	1	1055	16	20
asset	zone_tiles/zone_tile_road_cobblestone_r2_fringe_se.png	51	1055	16	20
asset	zone_tiles/zone_tile_road_cobblestone_r2_fringe_sw.png	101	1055	16	20
asset	zone_tiles/zone_tile_road_cobblestone_r2_fringe_w.png	151	1055	16	20
asset	zone_tiles/zone_tile_road_cobblestone_r3.png	201	1055	16	20
asset	zone_tiles/zone_tile_road_cobblestone_r3_fringe_e.png	251	1055	16	20
asset	zone_tiles/zone_tile_road_cobblestone_r3_fringe_n.png	301	1055	16	20
asset	zone_tiles/zone_tile_road_cobblestone_r3_fringe_ne.png	351	1055	16	20
asset	zone_tiles/zone_tile_road_cobblestone_r3_fringe_nw.png	401	1055	16	20
asset	zone_tiles/zone_tile_road_cobblestone_r3_fringe_s.png	451	1055	16	20
asset	zone_tiles/zone_tile_road_cobblestone_r3_fringe_se.png	501	1055	16	20
asset	zone_tiles/zone_tile_road_cobblestone_r3_fringe_sw.png	551	1055	16	20
asset	zone_tiles/zone_tile_road_cobblestone_r3_fringe_w.png	601	1055	16	20
asset	zone_tiles/zone_tile_road_cobblestone_r4.png	651	1055	16	20
asset	zone_tiles/zone_tile_road_cobblestone_r4_fringe_e.png	701	1055	16	20
asset	zone_tiles/zone_tile_road_cobblestone_r4_fringe_n.png	751	1055	16	20
asset	zone_tiles/zone_tile_road_cobblestone_r4_fringe_ne.png	801	1055	16	20
asset	zone_tiles/zone_tile_road_cobblestone_r4_fringe_nw.png	851	1055	16	20
asset	zone_tiles/zone_tile_road_cobblestone_r4_fringe_s.png	901	1055	16	20
asset	zone_tiles/zone_tile_road_cobblestone_r4_fringe_se.png	951	1055	16	20
asset	zone_tiles/zone_tile_road_cobblestone_r4_fringe_sw.png	1001	1055	16	20
asset	zone_tiles/zone_tile_road_cobblestone_r4_fringe_w.png	1051	1055	16	20
asset	zone_tiles/zone_tile_road_dirt_outline_r0.png	1101	1055	16	20
asset	zone_tiles/zone_tile_road_dirt_outline_r0_fringe_e.png	1151	1055	16	20
asset	zone_tiles/zone_tile_road_dirt_outline_r0_fringe_n.png	1201	1055	16	20
asset	zone_tiles/zone_tile_road_dirt_outline_r0_fringe_ne.png	1251	1055	16	20
asset	zone_tiles/zone_tile_road_dirt_outline_r0_fringe_nw.png	1301	1055	16	20
asset	zone_tiles/zone_tile_road_dirt_outline_r0_fringe_s.png	1351	1055	16	20
asset	zone_tiles/zone_tile_road_dirt_outline_r0_fringe_se.png	1401	1055	16	20
asset	zone_tiles/zone_tile_road_dirt_outline_r0_fringe_sw.png	1451	1055	16	20
asset	zone_tiles/zone_tile_road_dirt_outline_r0_fringe_w.png	1501	1055	16	20
asset	zone_tiles/zone_tile_road_dirt_outline_r1.png	1	1117	16	20
asset	zone_tiles/zone_tile_road_dirt_outline_r1_fringe_e.png	51	1117	16	20
asset	zone_tiles/zone_tile_road_dirt_outline_r1_fringe_n.png	101	1117	16	20
asset	zone_tiles/zone_tile_road_dirt_outline_r1_fringe_ne.png	151	1117	16	20
asset	zone_tiles/zone_tile_road_dirt_outline_r1_fringe_nw.png	201	1117	16	20
asset	zone_tiles/zone_tile_road_dirt_outline_r1_fringe_s.png	251	1117	16	20
asset	zone_tiles/zone_tile_road_dirt_outline_r1_fringe_se.png	301	1117	16	20
asset	zone_tiles/zone_tile_road_dirt_outline_r1_fringe_sw.png	351	1117	16	20
asset	zone_tiles/zone_tile_road_dirt_outline_r1_fringe_w.png	401	1117	16	20
asset	zone_tiles/zone_tile_road_dirt_outline_r2.png	451	1117	16	20
asset	zone_tiles/zone_tile_road_dirt_outline_r2_fringe_e.png	501	1117	16	20
asset	zone_tiles/zone_tile_road_dirt_outline_r2_fringe_n.png	551	1117	16	20
asset	zone_tiles/zone_tile_road_dirt_outline_r2_fringe_ne.png	601	1117	16	20
asset	zone_tiles/zone_tile_road_dirt_outline_r2_fringe_nw.png	651	1117	16	20
asset	zone_tiles/zone_tile_road_dirt_outline_r2_fringe_s.png	701	1117	16	20
asset	zone_tiles/zone_tile_road_dirt_outline_r2_fringe_se.png	751	1117	16	20
asset	zone_tiles/zone_tile_road_dirt_outline_r2_fringe_sw.png	801	1117	16	20
asset	zone_tiles/zone_tile_road_dirt_outline_r2_fringe_w.png	851	1117	16	20
asset	zone_tiles/zone_tile_road_dirt_outline_r3.png	901	1117	16	20
asset	zone_tiles/zone_tile_road_dirt_outline_r3_fringe_e.png	951	1117	16	20
asset	zone_tiles/zone_tile_road_dirt_outline_r3_fringe_n.png	1001	1117	16	20
asset	zone_tiles/zone_tile_road_dirt_outline_r3_fringe_ne.png	1051	1117	16	20
asset	zone_tiles/zone_tile_road_dirt_outline_r3_fringe_nw.png	1101	1117	16	20
asset	zone_tiles/zone_tile_road_dirt_outline_r3_fringe_s.png	1151	1117	16	20
asset	zone_tiles/zone_tile_road_dirt_outline_r3_fringe_se.png	1201	1117	16	20
asset	zone_tiles/zone_tile_road_dirt_outline_r3_fringe_sw.png	1251	1117	16	20
asset	zone_tiles/zone_tile_road_dirt_outline_r3_fringe_w.png	1301	1117	16	20
asset	zone_tiles/zone_tile_road_dirt_outline_r4.png	1351	1117	16	20
asset	zone_tiles/zone_tile_road_dirt_outline_r4_fringe_e.png	1401	1117	16	20
asset	zone_tiles/zone_tile_road_dirt_outline_r4_fringe_n.png	1451	1117	16	20
asset	zone_tiles/zone_tile_road_dirt_outline_r4_fringe_ne.png	1501	1117	16	20
asset	zone_tiles/zone_tile_road_dirt_outline_r4_fringe_nw.png	1	1179	16	20
asset	zone_tiles/zone_tile_road_dirt_outline_r4_fringe_s.png	51	1179	16	20
asset	zone_tiles/zone_tile_road_dirt_outline_r4_fringe_se.png	101	1179	16	20
asset	zone_tiles/zone_tile_road_dirt_outline_r4_fringe_sw.png	151	1179	16	20
asset	zone_tiles/zone_tile_road_dirt_outline_r4_fringe_w.png	201	1179	16	20
asset	zone_tiles/zone_tile_road_dirt_r0.png	251	1179	16	20
asset	zone_tiles/zone_tile_road_dirt_r0_fringe_e.png	301	1179	16	20
asset	zone_tiles/zone_tile_road_dirt_r0_fringe_n.png	351	1179	16	20
asset	zone_tiles/zone_tile_road_dirt_r0_fringe_ne.png	401	1179	16	20
asset	zone_tiles/zone_tile_road_dirt_r0_fringe_nw.png	451	1179	16	20
asset	zone_tiles/zone_tile_road_dirt_r0_fringe_s.png	501	1179	16	20
asset	zone_tiles/zone_tile_road_dirt_r0_fringe_se.png	551	1179	16	20
asset	zone_tiles/zone_tile_road_dirt_r0_fringe_sw.png	601	1179	16	20
asset	zone_tiles/zone_tile_road_dirt_r0_fringe_w.png	651	1179	16	20
asset	zone_tiles/zone_tile_road_dirt_r1.png	701	1179	16	20
asset	zone_tiles/zone_tile_road_dirt_r1_fringe_e.png	751	1179	16	20
asset	zone_tiles/zone_tile_road_dirt_r1_fringe_n.png	801	1179	16	20
asset	zone_tiles/zone_tile_road_dirt_r1_fringe_ne.png	851	1179	16	20
asset	zone_tiles/zone_tile_road_dirt_r1_fringe_nw.png	901	1179	16	20
asset	zone_tiles/zone_tile_road_dirt_r1_fringe_s.png	951	1179	16	20
asset	zone_tiles/zone_tile_road_dirt_r1_fringe_se.png	1001	1179	16	20
asset	zone_tiles/zone_tile_road_dirt_r1_fringe_sw.png	1051	1179	16	20
asset	zone_tiles/zone_tile_road_dirt_r1_fringe_w.png	1101	1179	16	20
asset	zone_tiles/zone_tile_road_dirt_r2.png	1151	1179	16	20
asset	zone_tiles/zone_tile_road_dirt_r2_fringe_e.png	1201	1179	16	20
asset	zone_tiles/zone_tile_road_dirt_r2_fringe_n.png	1251	1179	16	20
asset	zone_tiles/zone_tile_road_dirt_r2_fringe_ne.png	1301	1179	16	20
asset	zone_tiles/zone_tile_road_dirt_r2_fringe_nw.png	1351	1179	16	20
asset	zone_tiles/zone_tile_road_dirt_r2_fringe_s.png	1401	1179	16	20
asset	zone_tiles/zone_tile_road_dirt_r2_fringe_se.png	1451	1179	16	20
asset	zone_tiles/zone_tile_road_dirt_r2_fringe_sw.png	1501	1179	16	20
asset	zone_tiles/zone_tile_road_dirt_r2_fringe_w.png	1	1241	16	20
asset	zone_tiles/zone_tile_road_dirt_r3.png	51	1241	16	20
asset	zone_tiles/zone_tile_road_dirt_r3_fringe_e.png	101	1241	16	20
asset	zone_tiles/zone_tile_road_dirt_r3_fringe_n.png	151	1241	16	20
asset	zone_tiles/zone_tile_road_dirt_r3_fringe_ne.png	201	1241	16	20
asset	zone_tiles/zone_tile_road_dirt_r3_fringe_nw.png	251	1241	16	20
asset	zone_tiles/zone_tile_road_dirt_r3_fringe_s.png	301	1241	16	20
asset	zone_tiles/zone_tile_road_dirt_r3_fringe_se.png	351	1241	16	20
asset	zone_tiles/zone_tile_road_dirt_r3_fringe_sw.png	401	1241	16	20
asset	zone_tiles/zone_tile_road_dirt_r3_fringe_w.png	451	1241	16	20
asset	zone_tiles/zone_tile_road_dirt_r4.png	501	1241	16	20
asset	zone_tiles/zone_tile_road_dirt_r4_fringe_e.png	551	1241	16	20
asset	zone_tiles/zone_tile_road_dirt_r4_fringe_n.png	601	1241	16	20
asset	zone_tiles/zone_tile_road_dirt_r4_fringe_ne.png	651	1241	16	20
asset	zone_tiles/zone_tile_road_dirt_r4_fringe_nw.png	701	1241	16	20
asset	zone_tiles/zone_tile_road_dirt_r4_fringe_s.png	751	1241	16	20
asset	zone_tiles/zone_tile_road_dirt_r4_fringe_se.png	801	1241	16	20
asset	zone_tiles/zone_tile_road_dirt_r4_fringe_sw.png	851	1241	16	20
asset	zone_tiles/zone_tile_road_dirt_r4_fringe_w.png	901	1241	16	20
asset	zone_tiles/zone_tile_rock_floor.png	351	1365	16	20
asset	zone_tiles/zone_tile_rock_wall_r0_cap_e.png	951	1241	16	20
asset	zone_tiles/zone_tile_rock_wall_r0_cap_n.png	1001	1241	16	20
asset	zone_tiles/zone_tile_rock_wall_r0_cap_s.png	1051	1241	16	20
asset	zone_tiles/zone_tile_rock_wall_r0_cap_w.png	1101	1241	16	20
asset	zone_tiles/zone_tile_rock_wall_r0_corner_ne.png	1151	1241	16	20
asset	zone_tiles/zone_tile_rock_wall_r0_corner_ne_inner_sw.png	1201	1241	16	20
asset	zone_tiles/zone_tile_rock_wall_r0_corner_nw.png	1251	1241	16	20
asset	zone_tiles/zone_tile_rock_wall_r0_corner_nw_inner_se.png	1301	1241	16	20
asset	zone_tiles/zone_tile_rock_wall_r0_corner_se.png	1351	1241	16	20
asset	zone_tiles/zone_tile_rock_wall_r0_corner_se_inner_nw.png	1401	1241	16	20
asset	zone_tiles/zone_tile_rock_wall_r0_corner_sw.png	1451	1241	16	20
asset	zone_tiles/zone_tile_rock_wall_r0_corner_sw_inner_ne.png	1501	1241	16	20
asset	zone_tiles/zone_tile_rock_wall_r0_edge_e.png	1	1303	16	20
asset	zone_tiles/zone_tile_rock_wall_r0_edge_e_inner_nw.png	51	1303	16	20
asset	zone_tiles/zone_tile_rock_wall_r0_edge_e_inner_sw.png	101	1303	16	20
asset	zone_tiles/zone_tile_rock_wall_r0_edge_e_inner_sw_nw.png	151	1303	16	20
asset	zone_tiles/zone_tile_rock_wall_r0_edge_n.png	201	1303	16	20
asset	zone_tiles/zone_tile_rock_wall_r0_edge_n_inner_se.png	251	1303	16	20
asset	zone_tiles/zone_tile_rock_wall_r0_edge_n_inner_se_sw.png	301	1303	16	20
asset	zone_tiles/zone_tile_rock_wall_r0_edge_n_inner_sw.png	351	1303	16	20
asset	zone_tiles/zone_tile_rock_wall_r0_edge_s.png	401	1303	16	20
asset	zone_tiles/zone_tile_rock_wall_r0_edge_s_inner_ne.png	451	1303	16	20
asset	zone_tiles/zone_tile_rock_wall_r0_edge_s_inner_ne_nw.png	501	1303	16	20
asset	zone_tiles/zone_tile_rock_wall_r0_edge_s_inner_nw.png	551	1303	16	20
asset	zone_tiles/zone_tile_rock_wall_r0_edge_w.png	601	1303	16	20
asset	zone_tiles/zone_tile_rock_wall_r0_edge_w_inner_ne.png	651	1303	16	20
asset	zone_tiles/zone_tile_rock_wall_r0_edge_w_inner_ne_se.png	701	1303	16	20
asset	zone_tiles/zone_tile_rock_wall_r0_edge_w_inner_se.png	751	1303	16	20
asset	zone_tiles/zone_tile_rock_wall_r0_fill.png	801	1303	16	20
asset	zone_tiles/zone_tile_rock_wall_r0_fill_inner_ne.png	851	1303	16	20
asset	zone_tiles/zone_tile_rock_wall_r0_fill_inner_ne_nw.png	901	1303	16	20
asset	zone_tiles/zone_tile_rock_wall_r0_fill_inner_ne_se.png	951	1303	16	20
asset	zone_tiles/zone_tile_rock_wall_r0_fill_inner_ne_se_nw.png	1001	1303	16	20
asset	zone_tiles/zone_tile_rock_wall_r0_fill_inner_ne_se_sw.png	1051	1303	16	20
asset	zone_tiles/zone_tile_rock_wall_r0_fill_inner_ne_se_sw_nw.png	1101	1303	16	20
asset	zone_tiles/zone_tile_rock_wall_r0_fill_inner_ne_sw.png	1151	1303	16	20
asset	zone_tiles/zone_tile_rock_wall_r0_fill_inner_ne_sw_nw.png	1201	1303	16	20
asset	zone_tiles/zone_tile_rock_wall_r0_fill_inner_nw.png	1251	1303	16	20
asset	zone_tiles/zone_tile_rock_wall_r0_fill_inner_se.png	1301	1303	16	20
asset	zone_tiles/zone_tile_rock_wall_r0_fill_inner_se_nw.png	1351	1303	16	20
asset	zone_tiles/zone_tile_rock_wall_r0_fill_inner_se_sw.png	1401	1303	16	20
asset	zone_tiles/zone_tile_rock_wall_r0_fill_inner_se_sw_nw.png	1451	1303	16	20
asset	zone_tiles/zone_tile_rock_wall_r0_fill_inner_sw.png	1501	1303	16	20
asset	zone_tiles/zone_tile_rock_wall_r0_fill_inner_sw_nw.png	1	1365	16	20
asset	zone_tiles/zone_tile_rock_wall_r0_narrow_h.png	51	1365	16	20
asset	zone_tiles/zone_tile_rock_wall_r0_narrow_v.png	101	1365	16	20
asset	zone_tiles/zone_tile_rock_wall_r0_single.png	151	1365	16	20
asset	zone_tiles/zone_tile_rock_wall_r1_cap_e.png	201	1365	16	20
asset	zone_tiles/zone_tile_rock_wall_r1_cap_n.png	251	1365	16	20
asset	zone_tiles/zone_tile_rock_wall_r1_cap_s.png	301	1365	16	20
asset	zone_tiles/zone_tile_rock_wall_r1_cap_w.png	351	1365	16	20
asset	zone_tiles/zone_tile_rock_wall_r1_corner_ne.png	401	1365	16	20
asset	zone_tiles/zone_tile_rock_wall_r1_corner_ne_inner_sw.png	451	1365	16	20
asset	zone_tiles/zone_tile_rock_wall_r1_corner_nw.png	501	1365	16	20
asset	zone_tiles/zone_tile_rock_wall_r1_corner_nw_inner_se.png	551	1365	16	20
asset	zone_tiles/zone_tile_rock_wall_r1_corner_se.png	601	1365	16	20
asset	zone_tiles/zone_tile_rock_wall_r1_corner_se_inner_nw.png	651	1365	16	20
asset	zone_tiles/zone_tile_rock_wall_r1_corner_sw.png	701	1365	16	20
asset	zone_tiles/zone_tile_rock_wall_r1_corner_sw_inner_ne.png	751	1365	16	20
asset	zone_tiles/zone_tile_rock_wall_r1_edge_e.png	801	1365	16	20
asset	zone_tiles/zone_tile_rock_wall_r1_edge_e_inner_nw.png	851	1365	16	20
asset	zone_tiles/zone_tile_rock_wall_r1_edge_e_inner_sw.png	901	1365	16	20
asset	zone_tiles/zone_tile_rock_wall_r1_edge_e_inner_sw_nw.png	951	1365	16	20
asset	zone_tiles/zone_tile_rock_wall_r1_edge_n.png	1001	1365	16	20
asset	zone_tiles/zone_tile_rock_wall_r1_edge_n_inner_se.png	1051	1365	16	20
asset	zone_tiles/zone_tile_rock_wall_r1_edge_n_inner_se_sw.png	1101	1365	16	20
asset	zone_tiles/zone_tile_rock_wall_r1_edge_n_inner_sw.png	1151	1365	16	20
asset	zone_tiles/zone_tile_rock_wall_r1_edge_s.png	1201	1365	16	20
asset	zone_tiles/zone_tile_rock_wall_r1_edge_s_inner_ne.png	1251	1365	16	20
asset	zone_tiles/zone_tile_rock_wall_r1_edge_s_inner_ne_nw.png	1301	1365	16	20
asset	zone_tiles/zone_tile_rock_wall_r1_edge_s_inner_nw.png	1351	1365	16	20
asset	zone_tiles/zone_tile_rock_wall_r1_edge_w.png	1401	1365	16	20
asset	zone_tiles/zone_tile_rock_wall_r1_edge_w_inner_ne.png	1451	1365	16	20
asset	zone_tiles/zone_tile_rock_wall_r1_edge_w_inner_ne_se.png	1501	1365	16	20
asset	zone_tiles/zone_tile_rock_wall_r1_edge_w_inner_se.png	1	1427	16	20
asset	zone_tiles/zone_tile_rock_wall_r1_fill.png	51	1427	16	20
asset	zone_tiles/zone_tile_rock_wall_r1_fill_inner_ne.png	101	1427	16	20
asset	zone_tiles/zone_tile_rock_wall_r1_fill_inner_ne_nw.png	151	1427	16	20
asset	zone_tiles/zone_tile_rock_wall_r1_fill_inner_ne_se.png	201	1427	16	20
asset	zone_tiles/zone_tile_rock_wall_r1_fill_inner_ne_se_nw.png	251	1427	16	20
asset	zone_tiles/zone_tile_rock_wall_r1_fill_inner_ne_se_sw.png	301	1427	16	20
asset	zone_tiles/zone_tile_rock_wall_r1_fill_inner_ne_se_sw_nw.png	351	1427	16	20
asset	zone_tiles/zone_tile_rock_wall_r1_fill_inner_ne_sw.png	401	1427	16	20
asset	zone_tiles/zone_tile_rock_wall_r1_fill_inner_ne_sw_nw.png	451	1427	16	20
asset	zone_tiles/zone_tile_rock_wall_r1_fill_inner_nw.png	501	1427	16	20
asset	zone_tiles/zone_tile_rock_wall_r1_fill_inner_se.png	551	1427	16	20
asset	zone_tiles/zone_tile_rock_wall_r1_fill_inner_se_nw.png	601	1427	16	20
asset	zone_tiles/zone_tile_rock_wall_r1_fill_inner_se_sw.png	651	1427	16	20
asset	zone_tiles/zone_tile_rock_wall_r1_fill_inner_se_sw_nw.png	701	1427	16	20
asset	zone_tiles/zone_tile_rock_wall_r1_fill_inner_sw.png	751	1427	16	20
asset	zone_tiles/zone_tile_rock_wall_r1_fill_inner_sw_nw.png	801	1427	16	20
asset	zone_tiles/zone_tile_rock_wall_r1_narrow_h.png	851	1427	16	20
asset	zone_tiles/zone_tile_rock_wall_r1_narrow_v.png	901	1427	16	20
asset	zone_tiles/zone_tile_rock_wall_r1_single.png	951	1427	16	20
asset	zone_tiles/zone_tile_rock_wall_r2_cap_e.png	1001	1427	16	20
asset	zone_tiles/zone_tile_rock_wall_r2_cap_n.png	1051	1427	16	20
asset	zone_tiles/zone_tile_rock_wall_r2_cap_s.png	1101	1427	16	20
asset	zone_tiles/zone_tile_rock_wall_r2_cap_w.png	1151	1427	16	20
asset	zone_tiles/zone_tile_rock_wall_r2_corner_ne.png	1201	1427	16	20
asset	zone_tiles/zone_tile_rock_wall_r2_corner_ne_inner_sw.png	1251	1427	16	20
asset	zone_tiles/zone_tile_rock_wall_r2_corner_nw.png	1301	1427	16	20
asset	zone_tiles/zone_tile_rock_wall_r2_corner_nw_inner_se.png	1351	1427	16	20
asset	zone_tiles/zone_tile_rock_wall_r2_corner_se.png	1401	1427	16	20
asset	zone_tiles/zone_tile_rock_wall_r2_corner_se_inner_nw.png	1451	1427	16	20
asset	zone_tiles/zone_tile_rock_wall_r2_corner_sw.png	1501	1427	16	20
asset	zone_tiles/zone_tile_rock_wall_r2_corner_sw_inner_ne.png	1	1489	16	20
asset	zone_tiles/zone_tile_rock_wall_r2_edge_e.png	51	1489	16	20
asset	zone_tiles/zone_tile_rock_wall_r2_edge_e_inner_nw.png	101	1489	16	20
asset	zone_tiles/zone_tile_rock_wall_r2_edge_e_inner_sw.png	151	1489	16	20
asset	zone_tiles/zone_tile_rock_wall_r2_edge_e_inner_sw_nw.png	201	1489	16	20
asset	zone_tiles/zone_tile_rock_wall_r2_edge_n.png	251	1489	16	20
asset	zone_tiles/zone_tile_rock_wall_r2_edge_n_inner_se.png	301	1489	16	20
asset	zone_tiles/zone_tile_rock_wall_r2_edge_n_inner_se_sw.png	351	1489	16	20
asset	zone_tiles/zone_tile_rock_wall_r2_edge_n_inner_sw.png	401	1489	16	20
asset	zone_tiles/zone_tile_rock_wall_r2_edge_s.png	451	1489	16	20
asset	zone_tiles/zone_tile_rock_wall_r2_edge_s_inner_ne.png	501	1489	16	20
asset	zone_tiles/zone_tile_rock_wall_r2_edge_s_inner_ne_nw.png	551	1489	16	20
asset	zone_tiles/zone_tile_rock_wall_r2_edge_s_inner_nw.png	601	1489	16	20
asset	zone_tiles/zone_tile_rock_wall_r2_edge_w.png	651	1489	16	20
asset	zone_tiles/zone_tile_rock_wall_r2_edge_w_inner_ne.png	701	1489	16	20
asset	zone_tiles/zone_tile_rock_wall_r2_edge_w_inner_ne_se.png	751	1489	16	20
asset	zone_tiles/zone_tile_rock_wall_r2_edge_w_inner_se.png	801	1489	16	20
asset	zone_tiles/zone_tile_rock_wall_r2_fill.png	851	1489	16	20
asset	zone_tiles/zone_tile_rock_wall_r2_fill_inner_ne.png	901	1489	16	20
asset	zone_tiles/zone_tile_rock_wall_r2_fill_inner_ne_nw.png	951	1489	16	20
asset	zone_tiles/zone_tile_rock_wall_r2_fill_inner_ne_se.png	1001	1489	16	20
asset	zone_tiles/zone_tile_rock_wall_r2_fill_inner_ne_se_nw.png	1051	1489	16	20
asset	zone_tiles/zone_tile_rock_wall_r2_fill_inner_ne_se_sw.png	1101	1489	16	20
asset	zone_tiles/zone_tile_rock_wall_r2_fill_inner_ne_se_sw_nw.png	1151	1489	16	20
asset	zone_tiles/zone_tile_rock_wall_r2_fill_inner_ne_sw.png	1201	1489	16	20
asset	zone_tiles/zone_tile_rock_wall_r2_fill_inner_ne_sw_nw.png	1251	1489	16	20
asset	zone_tiles/zone_tile_rock_wall_r2_fill_inner_nw.png	1301	1489	16	20
asset	zone_tiles/zone_tile_rock_wall_r2_fill_inner_se.png	1351	1489	16	20
asset	zone_tiles/zone_tile_rock_wall_r2_fill_inner_se_nw.png	1401	1489	16	20
asset	zone_tiles/zone_tile_rock_wall_r2_fill_inner_se_sw.png	1451	1489	16	20
asset	zone_tiles/zone_tile_rock_wall_r2_fill_inner_se_sw_nw.png	1501	1489	16	20
asset	zone_tiles/zone_tile_rock_wall_r2_fill_inner_sw.png	1	1551	16	20
asset	zone_tiles/zone_tile_rock_wall_r2_fill_inner_sw_nw.png	51	1551	16	20
asset	zone_tiles/zone_tile_rock_wall_r2_narrow_h.png	101	1551	16	20
asset	zone_tiles/zone_tile_rock_wall_r2_narrow_v.png	151	1551	16	20
asset	zone_tiles/zone_tile_rock_wall_r2_single.png	201	1551	16	20
asset	zone_tiles/zone_tile_rock_wall_r3_cap_e.png	251	1551	16	20
asset	zone_tiles/zone_tile_rock_wall_r3_cap_n.png	301	1551	16	20
asset	zone_tiles/zone_tile_rock_wall_r3_cap_s.png	351	1551	16	20
asset	zone_tiles/zone_tile_rock_wall_r3_cap_w.png	401	1551	16	20
asset	zone_tiles/zone_tile_rock_wall_r3_corner_ne.png	451	1551	16	20
asset	zone_tiles/zone_tile_rock_wall_r3_corner_ne_inner_sw.png	501	1551	16	20
asset	zone_tiles/zone_tile_rock_wall_r3_corner_nw.png	551	1551	16	20
asset	zone_tiles/zone_tile_rock_wall_r3_corner_nw_inner_se.png	601	1551	16	20
asset	zone_tiles/zone_tile_rock_wall_r3_corner_se.png	651	1551	16	20
asset	zone_tiles/zone_tile_rock_wall_r3_corner_se_inner_nw.png	701	1551	16	20
asset	zone_tiles/zone_tile_rock_wall_r3_corner_sw.png	751	1551	16	20
asset	zone_tiles/zone_tile_rock_wall_r3_corner_sw_inner_ne.png	801	1551	16	20
asset	zone_tiles/zone_tile_rock_wall_r3_edge_e.png	851	1551	16	20
asset	zone_tiles/zone_tile_rock_wall_r3_edge_e_inner_nw.png	901	1551	16	20
asset	zone_tiles/zone_tile_rock_wall_r3_edge_e_inner_sw.png	951	1551	16	20
asset	zone_tiles/zone_tile_rock_wall_r3_edge_e_inner_sw_nw.png	1001	1551	16	20
asset	zone_tiles/zone_tile_rock_wall_r3_edge_n.png	1051	1551	16	20
asset	zone_tiles/zone_tile_rock_wall_r3_edge_n_inner_se.png	1101	1551	16	20
asset	zone_tiles/zone_tile_rock_wall_r3_edge_n_inner_se_sw.png	1151	1551	16	20
asset	zone_tiles/zone_tile_rock_wall_r3_edge_n_inner_sw.png	1201	1551	16	20
asset	zone_tiles/zone_tile_rock_wall_r3_edge_s.png	1251	1551	16	20
asset	zone_tiles/zone_tile_rock_wall_r3_edge_s_inner_ne.png	1301	1551	16	20
asset	zone_tiles/zone_tile_rock_wall_r3_edge_s_inner_ne_nw.png	1351	1551	16	20
asset	zone_tiles/zone_tile_rock_wall_r3_edge_s_inner_nw.png	1401	1551	16	20
asset	zone_tiles/zone_tile_rock_wall_r3_edge_w.png	1451	1551	16	20
asset	zone_tiles/zone_tile_rock_wall_r3_edge_w_inner_ne.png	1501	1551	16	20
asset	zone_tiles/zone_tile_rock_wall_r3_edge_w_inner_ne_se.png	1	1613	16	20
asset	zone_tiles/zone_tile_rock_wall_r3_edge_w_inner_se.png	51	1613	16	20
asset	zone_tiles/zone_tile_rock_wall_r3_fill.png	101	1613	16	20
asset	zone_tiles/zone_tile_rock_wall_r3_fill_inner_ne.png	151	1613	16	20
asset	zone_tiles/zone_tile_rock_wall_r3_fill_inner_ne_nw.png	201	1613	16	20
asset	zone_tiles/zone_tile_rock_wall_r3_fill_inner_ne_se.png	251	1613	16	20
asset	zone_tiles/zone_tile_rock_wall_r3_fill_inner_ne_se_nw.png	301	1613	16	20
asset	zone_tiles/zone_tile_rock_wall_r3_fill_inner_ne_se_sw.png	351	1613	16	20
asset	zone_tiles/zone_tile_rock_wall_r3_fill_inner_ne_se_sw_nw.png	401	1613	16	20
asset	zone_tiles/zone_tile_rock_wall_r3_fill_inner_ne_sw.png	451	1613	16	20
asset	zone_tiles/zone_tile_rock_wall_r3_fill_inner_ne_sw_nw.png	501	1613	16	20
asset	zone_tiles/zone_tile_rock_wall_r3_fill_inner_nw.png	551	1613	16	20
asset	zone_tiles/zone_tile_rock_wall_r3_fill_inner_se.png	601	1613	16	20
asset	zone_tiles/zone_tile_rock_wall_r3_fill_inner_se_nw.png	651	1613	16	20
asset	zone_tiles/zone_tile_rock_wall_r3_fill_inner_se_sw.png	701	1613	16	20
asset	zone_tiles/zone_tile_rock_wall_r3_fill_inner_se_sw_nw.png	751	1613	16	20
asset	zone_tiles/zone_tile_rock_wall_r3_fill_inner_sw.png	801	1613	16	20
asset	zone_tiles/zone_tile_rock_wall_r3_fill_inner_sw_nw.png	851	1613	16	20
asset	zone_tiles/zone_tile_rock_wall_r3_narrow_h.png	901	1613	16	20
asset	zone_tiles/zone_tile_rock_wall_r3_narrow_v.png	951	1613	16	20
asset	zone_tiles/zone_tile_rock_wall_r3_single.png	1001	1613	16	20
asset	zone_tiles/zone_tile_rock_wall_r4_cap_e.png	1051	1613	16	20
asset	zone_tiles/zone_tile_rock_wall_r4_cap_n.png	1101	1613	16	20
asset	zone_tiles/zone_tile_rock_wall_r4_cap_s.png	1151	1613	16	20
asset	zone_tiles/zone_tile_rock_wall_r4_cap_w.png	1201	1613	16	20
asset	zone_tiles/zone_tile_rock_wall_r4_corner_ne.png	1251	1613	16	20
asset	zone_tiles/zone_tile_rock_wall_r4_corner_ne_inner_sw.png	1301	1613	16	20
asset	zone_tiles/zone_tile_rock_wall_r4_corner_nw.png	1351	1613	16	20
asset	zone_tiles/zone_tile_rock_wall_r4_corner_nw_inner_se.png	1401	1613	16	20
asset	zone_tiles/zone_tile_rock_wall_r4_corner_se.png	1451	1613	16	20
asset	zone_tiles/zone_tile_rock_wall_r4_corner_se_inner_nw.png	1501	1613	16	20
asset	zone_tiles/zone_tile_rock_wall_r4_corner_sw.png	1	1675	16	20
asset	zone_tiles/zone_tile_rock_wall_r4_corner_sw_inner_ne.png	51	1675	16	20
asset	zone_tiles/zone_tile_rock_wall_r4_edge_e.png	101	1675	16	20
asset	zone_tiles/zone_tile_rock_wall_r4_edge_e_inner_nw.png	151	1675	16	20
asset	zone_tiles/zone_tile_rock_wall_r4_edge_e_inner_sw.png	201	1675	16	20
asset	zone_tiles/zone_tile_rock_wall_r4_edge_e_inner_sw_nw.png	251	1675	16	20
asset	zone_tiles/zone_tile_rock_wall_r4_edge_n.png	301	1675	16	20
asset	zone_tiles/zone_tile_rock_wall_r4_edge_n_inner_se.png	351	1675	16	20
asset	zone_tiles/zone_tile_rock_wall_r4_edge_n_inner_se_sw.png	401	1675	16	20
asset	zone_tiles/zone_tile_rock_wall_r4_edge_n_inner_sw.png	451	1675	16	20
asset	zone_tiles/zone_tile_rock_wall_r4_edge_s.png	501	1675	16	20
asset	zone_tiles/zone_tile_rock_wall_r4_edge_s_inner_ne.png	551	1675	16	20
asset	zone_tiles/zone_tile_rock_wall_r4_edge_s_inner_ne_nw.png	601	1675	16	20
asset	zone_tiles/zone_tile_rock_wall_r4_edge_s_inner_nw.png	651	1675	16	20
asset	zone_tiles/zone_tile_rock_wall_r4_edge_w.png	701	1675	16	20
asset	zone_tiles/zone_tile_rock_wall_r4_edge_w_inner_ne.png	751	1675	16	20
asset	zone_tiles/zone_tile_rock_wall_r4_edge_w_inner_ne_se.png	801	1675	16	20
asset	zone_tiles/zone_tile_rock_wall_r4_edge_w_inner_se.png	851	1675	16	20
asset	zone_tiles/zone_tile_rock_wall_r4_fill.png	901	1675	16	20
asset	zone_tiles/zone_tile_rock_wall_r4_fill_inner_ne.png	951	1675	16	20
asset	zone_tiles/zone_tile_rock_wall_r4_fill_inner_ne_nw.png	1001	1675	16	20
asset	zone_tiles/zone_tile_rock_wall_r4_fill_inner_ne_se.png	1051	1675	16	20
asset	zone_tiles/zone_tile_rock_wall_r4_fill_inner_ne_se_nw.png	1101	1675	16	20
asset	zone_tiles/zone_tile_rock_wall_r4_fill_inner_ne_se_sw.png	1151	1675	16	20
asset	zone_tiles/zone_tile_rock_wall_r4_fill_inner_ne_se_sw_nw.png	1201	1675	16	20
asset	zone_tiles/zone_tile_rock_wall_r4_fill_inner_ne_sw.png	1251	1675	16	20
asset	zone_tiles/zone_tile_rock_wall_r4_fill_inner_ne_sw_nw.png	1301	1675	16	20
asset	zone_tiles/zone_tile_rock_wall_r4_fill_inner_nw.png	1351	1675	16	20
asset	zone_tiles/zone_tile_rock_wall_r4_fill_inner_se.png	1401	1675	16	20
asset	zone_tiles/zone_tile_rock_wall_r4_fill_inner_se_nw.png	1451	1675	16	20
asset	zone_tiles/zone_tile_rock_wall_r4_fill_inner_se_sw.png	1501	1675	16	20
asset	zone_tiles/zone_tile_rock_wall_r4_fill_inner_se_sw_nw.png	1	1737	16	20
asset	zone_tiles/zone_tile_rock_wall_r4_fill_inner_sw.png	51	1737	16	20
asset	zone_tiles/zone_tile_rock_wall_r4_fill_inner_sw_nw.png	101	1737	16	20
asset	zone_tiles/zone_tile_rock_wall_r4_narrow_h.png	151	1737	16	20
asset	zone_tiles/zone_tile_rock_wall_r4_narrow_v.png	201	1737	16	20
asset	zone_tiles/zone_tile_rock_wall_r4_single.png	251	1737	16	20
asset	zone_tiles/zone_tile_rock_wall_r5_cap_e.png	301	1737	16	20
asset	zone_tiles/zone_tile_rock_wall_r5_cap_n.png	351	1737	16	20
asset	zone_tiles/zone_tile_rock_wall_r5_cap_s.png	401	1737	16	20
asset	zone_tiles/zone_tile_rock_wall_r5_cap_w.png	451	1737	16	20
asset	zone_tiles/zone_tile_rock_wall_r5_corner_ne.png	501	1737	16	20
asset	zone_tiles/zone_tile_rock_wall_r5_corner_ne_inner_sw.png	551	1737	16	20
asset	zone_tiles/zone_tile_rock_wall_r5_corner_nw.png	601	1737	16	20
asset	zone_tiles/zone_tile_rock_wall_r5_corner_nw_inner_se.png	651	1737	16	20
asset	zone_tiles/zone_tile_rock_wall_r5_corner_se.png	701	1737	16	20
asset	zone_tiles/zone_tile_rock_wall_r5_corner_se_inner_nw.png	751	1737	16	20
asset	zone_tiles/zone_tile_rock_wall_r5_corner_sw.png	801	1737	16	20
asset	zone_tiles/zone_tile_rock_wall_r5_corner_sw_inner_ne.png	851	1737	16	20
asset	zone_tiles/zone_tile_rock_wall_r5_edge_e.png	901	1737	16	20
asset	zone_tiles/zone_tile_rock_wall_r5_edge_e_inner_nw.png	951	1737	16	20
asset	zone_tiles/zone_tile_rock_wall_r5_edge_e_inner_sw.png	1001	1737	16	20
asset	zone_tiles/zone_tile_rock_wall_r5_edge_e_inner_sw_nw.png	1051	1737	16	20
asset	zone_tiles/zone_tile_rock_wall_r5_edge_n.png	1101	1737	16	20
asset	zone_tiles/zone_tile_rock_wall_r5_edge_n_inner_se.png	1151	1737	16	20
asset	zone_tiles/zone_tile_rock_wall_r5_edge_n_inner_se_sw.png	1201	1737	16	20
asset	zone_tiles/zone_tile_rock_wall_r5_edge_n_inner_sw.png	1251	1737	16	20
asset	zone_tiles/zone_tile_rock_wall_r5_edge_s.png	1301	1737	16	20
asset	zone_tiles/zone_tile_rock_wall_r5_edge_s_inner_ne.png	1351	1737	16	20
asset	zone_tiles/zone_tile_rock_wall_r5_edge_s_inner_ne_nw.png	1401	1737	16	20
asset	zone_tiles/zone_tile_rock_wall_r5_edge_s_inner_nw.png	1451	1737	16	20
asset	zone_tiles/zone_tile_rock_wall_r5_edge_w.png	1501	1737	16	20
asset	zone_tiles/zone_tile_rock_wall_r5_edge_w_inner_ne.png	1	1799	16	20
asset	zone_tiles/zone_tile_rock_wall_r5_edge_w_inner_ne_se.png	51	1799	16	20
asset	zone_tiles/zone_tile_rock_wall_r5_edge_w_inner_se.png	101	1799	16	20
asset	zone_tiles/zone_tile_rock_wall_r5_fill.png	151	1799	16	20
asset	zone_tiles/zone_tile_rock_wall_r5_fill_inner_ne.png	201	1799	16	20
asset	zone_tiles/zone_tile_rock_wall_r5_fill_inner_ne_nw.png	251	1799	16	20
asset	zone_tiles/zone_tile_rock_wall_r5_fill_inner_ne_se.png	301	1799	16	20
asset	zone_tiles/zone_tile_rock_wall_r5_fill_inner_ne_se_nw.png	351	1799	16	20
asset	zone_tiles/zone_tile_rock_wall_r5_fill_inner_ne_se_sw.png	401	1799	16	20
asset	zone_tiles/zone_tile_rock_wall_r5_fill_inner_ne_se_sw_nw.png	451	1799	16	20
asset	zone_tiles/zone_tile_rock_wall_r5_fill_inner_ne_sw.png	501	1799	16	20
asset	zone_tiles/zone_tile_rock_wall_r5_fill_inner_ne_sw_nw.png	551	1799	16	20
asset	zone_tiles/zone_tile_rock_wall_r5_fill_inner_nw.png	601	1799	16	20
asset	zone_tiles/zone_tile_rock_wall_r5_fill_inner_se.png	651	1799	16	20
asset	zone_tiles/zone_tile_rock_wall_r5_fill_inner_se_nw.png	701	1799	16	20
asset	zone_tiles/zone_tile_rock_wall_r5_fill_inner_se_sw.png	751	1799	16	20
asset	zone_tiles/zone_tile_rock_wall_r5_fill_inner_se_sw_nw.png	801	1799	16	20
asset	zone_tiles/zone_tile_rock_wall_r5_fill_inner_sw.png	851	1799	16	20
asset	zone_tiles/zone_tile_rock_wall_r5_fill_inner_sw_nw.png	901	1799	16	20
asset	zone_tiles/zone_tile_rock_wall_r5_narrow_h.png	951	1799	16	20
asset	zone_tiles/zone_tile_rock_wall_r5_narrow_v.png	1001	1799	16	20
asset	zone_tiles/zone_tile_rock_wall_r5_single.png	1051	1799	16	20
asset	zone_tiles/zone_tile_rock_wall_r6_cap_e.png	1101	1799	16	20
asset	zone_tiles/zone_tile_rock_wall_r6_cap_n.png	1151	1799	16	20
asset	zone_tiles/zone_tile_rock_wall_r6_cap_s.png	1201	1799	16	20
asset	zone_tiles/zone_tile_rock_wall_r6_cap_w.png	1251	1799	16	20
asset	zone_tiles/zone_tile_rock_wall_r6_corner_ne.png	1301	1799	16	20
asset	zone_tiles/zone_tile_rock_wall_r6_corner_ne_inner_sw.png	1351	1799	16	20
asset	zone_tiles/zone_tile_rock_wall_r6_corner_nw.png	1401	1799	16	20
asset	zone_tiles/zone_tile_rock_wall_r6_corner_nw_inner_se.png	1451	1799	16	20
asset	zone_tiles/zone_tile_rock_wall_r6_corner_se.png	1501	1799	16	20
asset	zone_tiles/zone_tile_rock_wall_r6_corner_se_inner_nw.png	1	1861	16	20
asset	zone_tiles/zone_tile_rock_wall_r6_corner_sw.png	51	1861	16	20
asset	zone_tiles/zone_tile_rock_wall_r6_corner_sw_inner_ne.png	101	1861	16	20
asset	zone_tiles/zone_tile_rock_wall_r6_edge_e.png	151	1861	16	20
asset	zone_tiles/zone_tile_rock_wall_r6_edge_e_inner_nw.png	201	1861	16	20
asset	zone_tiles/zone_tile_rock_wall_r6_edge_e_inner_sw.png	251	1861	16	20
asset	zone_tiles/zone_tile_rock_wall_r6_edge_e_inner_sw_nw.png	301	1861	16	20
asset	zone_tiles/zone_tile_rock_wall_r6_edge_n.png	351	1861	16	20
asset	zone_tiles/zone_tile_rock_wall_r6_edge_n_inner_se.png	401	1861	16	20
asset	zone_tiles/zone_tile_rock_wall_r6_edge_n_inner_se_sw.png	451	1861	16	20
asset	zone_tiles/zone_tile_rock_wall_r6_edge_n_inner_sw.png	501	1861	16	20
asset	zone_tiles/zone_tile_rock_wall_r6_edge_s.png	551	1861	16	20
asset	zone_tiles/zone_tile_rock_wall_r6_edge_s_inner_ne.png	601	1861	16	20
asset	zone_tiles/zone_tile_rock_wall_r6_edge_s_inner_ne_nw.png	651	1861	16	20
asset	zone_tiles/zone_tile_rock_wall_r6_edge_s_inner_nw.png	701	1861	16	20
asset	zone_tiles/zone_tile_rock_wall_r6_edge_w.png	751	1861	16	20
asset	zone_tiles/zone_tile_rock_wall_r6_edge_w_inner_ne.png	801	1861	16	20
asset	zone_tiles/zone_tile_rock_wall_r6_edge_w_inner_ne_se.png	851	1861	16	20
asset	zone_tiles/zone_tile_rock_wall_r6_edge_w_inner_se.png	901	1861	16	20
asset	zone_tiles/zone_tile_rock_wall_r6_fill.png	951	1861	16	20
asset	zone_tiles/zone_tile_rock_wall_r6_fill_inner_ne.png	1001	1861	16	20
asset	zone_tiles/zone_tile_rock_wall_r6_fill_inner_ne_nw.png	1051	1861	16	20
asset	zone_tiles/zone_tile_rock_wall_r6_fill_inner_ne_se.png	1101	1861	16	20
asset	zone_tiles/zone_tile_rock_wall_r6_fill_inner_ne_se_nw.png	1151	1861	16	20
asset	zone_tiles/zone_tile_rock_wall_r6_fill_inner_ne_se_sw.png	1201	1861	16	20
asset	zone_tiles/zone_tile_rock_wall_r6_fill_inner_ne_se_sw_nw.png	1251	1861	16	20
asset	zone_tiles/zone_tile_rock_wall_r6_fill_inner_ne_sw.png	1301	1861	16	20
asset	zone_tiles/zone_tile_rock_wall_r6_fill_inner_ne_sw_nw.png	1351	1861	16	20
asset	zone_tiles/zone_tile_rock_wall_r6_fill_inner_nw.png	1401	1861	16	20
asset	zone_tiles/zone_tile_rock_wall_r6_fill_inner_se.png	1451	1861	16	20
asset	zone_tiles/zone_tile_rock_wall_r6_fill_inner_se_nw.png	1501	1861	16	20
asset	zone_tiles/zone_tile_rock_wall_r6_fill_inner_se_sw.png	1	1923	16	20
asset	zone_tiles/zone_tile_rock_wall_r6_fill_inner_se_sw_nw.png	51	1923	16	20
asset	zone_tiles/zone_tile_rock_wall_r6_fill_inner_sw.png	101	1923	16	20
asset	zone_tiles/zone_tile_rock_wall_r6_fill_inner_sw_nw.png	151	1923	16	20
asset	zone_tiles/zone_tile_rock_wall_r6_narrow_h.png	201	1923	16	20
asset	zone_tiles/zone_tile_rock_wall_r6_narrow_v.png	251	1923	16	20
asset	zone_tiles/zone_tile_rock_wall_r6_single.png	301	1923	16	20
asset	zone_tiles/zone_tile_rock_wall_r7_cap_e.png	351	1923	16	20
asset	zone_tiles/zone_tile_rock_wall_r7_cap_n.png	401	1923	16	20
asset	zone_tiles/zone_tile_rock_wall_r7_cap_s.png	451	1923	16	20
asset	zone_tiles/zone_tile_rock_wall_r7_cap_w.png	501	1923	16	20
asset	zone_tiles/zone_tile_rock_wall_r7_corner_ne.png	551	1923	16	20
asset	zone_tiles/zone_tile_rock_wall_r7_corner_ne_inner_sw.png	601	1923	16	20
asset	zone_tiles/zone_tile_rock_wall_r7_corner_nw.png	651	1923	16	20
asset	zone_tiles/zone_tile_rock_wall_r7_corner_nw_inner_se.png	701	1923	16	20
asset	zone_tiles/zone_tile_rock_wall_r7_corner_se.png	751	1923	16	20
asset	zone_tiles/zone_tile_rock_wall_r7_corner_se_inner_nw.png	801	1923	16	20
asset	zone_tiles/zone_tile_rock_wall_r7_corner_sw.png	851	1923	16	20
asset	zone_tiles/zone_tile_rock_wall_r7_corner_sw_inner_ne.png	901	1923	16	20
asset	zone_tiles/zone_tile_rock_wall_r7_edge_e.png	951	1923	16	20
asset	zone_tiles/zone_tile_rock_wall_r7_edge_e_inner_nw.png	1001	1923	16	20
asset	zone_tiles/zone_tile_rock_wall_r7_edge_e_inner_sw.png	1051	1923	16	20
asset	zone_tiles/zone_tile_rock_wall_r7_edge_e_inner_sw_nw.png	1101	1923	16	20
asset	zone_tiles/zone_tile_rock_wall_r7_edge_n.png	1151	1923	16	20
asset	zone_tiles/zone_tile_rock_wall_r7_edge_n_inner_se.png	1201	1923	16	20
asset	zone_tiles/zone_tile_rock_wall_r7_edge_n_inner_se_sw.png	1251	1923	16	20
asset	zone_tiles/zone_tile_rock_wall_r7_edge_n_inner_sw.png	1301	1923	16	20
asset	zone_tiles/zone_tile_rock_wall_r7_edge_s.png	1351	1923	16	20
asset	zone_tiles/zone_tile_rock_wall_r7_edge_s_inner_ne.png	1401	1923	16	20
asset	zone_tiles/zone_tile_rock_wall_r7_edge_s_inner_ne_nw.png	1451	1923	16	20
asset	zone_tiles/zone_tile_rock_wall_r7_edge_s_inner_nw.png	1501	1923	16	20
asset	zone_tiles/zone_tile_rock_wall_r7_edge_w.png	1	1985	16	20
asset	zone_tiles/zone_tile_rock_wall_r7_edge_w_inner_ne.png	51	1985	16	20
asset	zone_tiles/zone_tile_rock_wall_r7_edge_w_inner_ne_se.png	101	1985	16	20
asset	zone_tiles/zone_tile_rock_wall_r7_edge_w_inner_se.png	151	1985	16	20
asset	zone_tiles/zone_tile_rock_wall_r7_fill.png	201	1985	16	20
asset	zone_tiles/zone_tile_rock_wall_r7_fill_inner_ne.png	251	1985	16	20
asset	zone_tiles/zone_tile_rock_wall_r7_fill_inner_ne_nw.png	301	1985	16	20
asset	zone_tiles/zone_tile_rock_wall_r7_fill_inner_ne_se.png	351	1985	16	20
asset	zone_tiles/zone_tile_rock_wall_r7_fill_inner_ne_se_nw.png	401	1985	16	20
asset	zone_tiles/zone_tile_rock_wall_r7_fill_inner_ne_se_sw.png	451	1985	16	20
asset	zone_tiles/zone_tile_rock_wall_r7_fill_inner_ne_se_sw_nw.png	501	1985	16	20
asset	zone_tiles/zone_tile_rock_wall_r7_fill_inner_ne_sw.png	551	1985	16	20
asset	zone_tiles/zone_tile_rock_wall_r7_fill_inner_ne_sw_nw.png	601	1985	16	20
asset	zone_tiles/zone_tile_rock_wall_r7_fill_inner_nw.png	651	1985	16	20
asset	zone_tiles/zone_tile_rock_wall_r7_fill_inner_se.png	701	1985	16	20
asset	zone_tiles/zone_tile_rock_wall_r7_fill_inner_se_nw.png	751	1985	16	20
asset	zone_tiles/zone_tile_rock_wall_r7_fill_inner_se_sw.png	801	1985	16	20
asset	zone_tiles/zone_tile_rock_wall_r7_fill_inner_se_sw_nw.png	851	1985	16	20
asset	zone_tiles/zone_tile_rock_wall_r7_fill_inner_sw.png	901	1985	16	20
asset	zone_tiles/zone_tile_rock_wall_r7_fill_inner_sw_nw.png	951	1985	16	20
asset	zone_tiles/zone_tile_rock_wall_r7_narrow_h.png	1001	1985	16	20
asset	zone_tiles/zone_tile_rock_wall_r7_narrow_v.png	1051	1985	16	20
asset	zone_tiles/zone_tile_rock_wall_r7_single.png	1101	1985	16	20
asset	zone_tiles/zone_tile_sand_r0.png	1151	1985	16	20
asset	zone_tiles/zone_tile_sand_r0_fringe_e.png	1201	1985	16	20
asset	zone_tiles/zone_tile_sand_r0_fringe_n.png	1251	1985	16	20
asset	zone_tiles/zone_tile_sand_r0_fringe_ne.png	1301	1985	16	20
asset	zone_tiles/zone_tile_sand_r0_fringe_nw.png	1351	1985	16	20
asset	zone_tiles/zone_tile_sand_r0_fringe_s.png	1401	1985	16	20
asset	zone_tiles/zone_tile_sand_r0_fringe_se.png	1451	1985	16	20
asset	zone_tiles/zone_tile_sand_r0_fringe_sw.png	1501	1985	16	20
asset	zone_tiles/zone_tile_sand_r0_fringe_w.png	1	1	16	20
asset	zone_tiles/zone_tile_sand_r1.png	51	1	16	20
asset	zone_tiles/zone_tile_sand_r1_fringe_e.png	101	1	16	20
asset	zone_tiles/zone_tile_sand_r1_fringe_n.png	151	1	16	20
asset	zone_tiles/zone_tile_sand_r1_fringe_ne.png	201	1	16	20
asset	zone_tiles/zone_tile_sand_r1_fringe_nw.png	251	1	16	20
asset	zone_tiles/zone_tile_sand_r1_fringe_s.png	301	1	16	20
asset	zone_tiles/zone_tile_sand_r1_fringe_se.png	351	1	16	20
asset	zone_tiles/zone_tile_sand_r1_fringe_sw.png	401	1	16	20
asset	zone_tiles/zone_tile_sand_r1_fringe_w.png	451	1	16	20
asset	zone_tiles/zone_tile_sand_r2.png	501	1	16	20
asset	zone_tiles/zone_tile_sand_r2_fringe_e.png	551	1	16	20
asset	zone_tiles/zone_tile_sand_r2_fringe_n.png	601	1	16	20
asset	zone_tiles/zone_tile_sand_r2_fringe_ne.png	651	1	16	20
asset	zone_tiles/zone_tile_sand_r2_fringe_nw.png	701	1	16	20
asset	zone_tiles/zone_tile_sand_r2_fringe_s.png	751	1	16	20
asset	zone_tiles/zone_tile_sand_r2_fringe_se.png	801	1	16	20
asset	zone_tiles/zone_tile_sand_r2_fringe_sw.png	851	1	16	20
asset	zone_tiles/zone_tile_sand_r2_fringe_w.png	901	1	16	20
asset	zone_tiles/zone_tile_sand_r3.png	951	1	16	20
asset	zone_tiles/zone_tile_sand_r3_fringe_e.png	1001	1	16	20
asset	zone_tiles/zone_tile_sand_r3_fringe_n.png	1051	1	16	20
asset	zone_tiles/zone_tile_sand_r3_fringe_ne.png	1101	1	16	20
asset	zone_tiles/zone_tile_sand_r3_fringe_nw.png	1151	1	16	20
asset	zone_tiles/zone_tile_sand_r3_fringe_s.png	1201	1	16	20
asset	zone_tiles/zone_tile_sand_r3_fringe_se.png	1251	1	16	20
asset	zone_tiles/zone_tile_sand_r3_fringe_sw.png	1301	1	16	20
asset	zone_tiles/zone_tile_sand_r3_fringe_w.png	1351	1	16	20
asset	zone_tiles/zone_tile_secret_door.png	401	1365	16	20
asset	zone_tiles/zone_tile_shallow_water_r0.png	1401	1	16	20
asset	zone_tiles/zone_tile_shallow_water_r0_fringe_e.png	1451	1	16	20
asset	zone_tiles/zone_tile_shallow_water_r0_fringe_n.png	1501	1	16	20
asset	zone_tiles/zone_tile_shallow_water_r0_fringe_ne.png	1	63	16	20
asset	zone_tiles/zone_tile_shallow_water_r0_fringe_nw.png	51	63	16	20
asset	zone_tiles/zone_tile_shallow_water_r0_fringe_s.png	101	63	16	20
asset	zone_tiles/zone_tile_shallow_water_r0_fringe_se.png	151	63	16	20
asset	zone_tiles/zone_tile_shallow_water_r0_fringe_sw.png	201	63	16	20
asset	zone_tiles/zone_tile_shallow_water_r0_fringe_w.png	251	63	16	20
asset	zone_tiles/zone_tile_shallow_water_r1.png	301	63	16	20
asset	zone_tiles/zone_tile_shallow_water_r1_fringe_e.png	351	63	16	20
asset	zone_tiles/zone_tile_shallow_water_r1_fringe_n.png	401	63	16	20
asset	zone_tiles/zone_tile_shallow_water_r1_fringe_ne.png	451	63	16	20
asset	zone_tiles/zone_tile_shallow_water_r1_fringe_nw.png	501	63	16	20
asset	zone_tiles/zone_tile_shallow_water_r1_fringe_s.png	551	63	16	20
asset	zone_tiles/zone_tile_shallow_water_r1_fringe_se.png	601	63	16	20
asset	zone_tiles/zone_tile_shallow_water_r1_fringe_sw.png	651	63	16	20
asset	zone_tiles/zone_tile_shallow_water_r1_fringe_w.png	701	63	16	20
asset	zone_tiles/zone_tile_shallow_water_r2.png	751	63	16	20
asset	zone_tiles/zone_tile_shallow_water_r2_fringe_e.png	801	63	16	20
asset	zone_tiles/zone_tile_shallow_water_r2_fringe_n.png	851	63	16	20
asset	zone_tiles/zone_tile_shallow_water_r2_fringe_ne.png	901	63	16	20
asset	zone_tiles/zone_tile_shallow_water_r2_fringe_nw.png	951	63	16	20
asset	zone_tiles/zone_tile_shallow_water_r2_fringe_s.png	1001	63	16	20
asset	zone_tiles/zone_tile_shallow_water_r2_fringe_se.png	1051	63	16	20
asset	zone_tiles/zone_tile_shallow_water_r2_fringe_sw.png	1101	63	16	20
asset	zone_tiles/zone_tile_shallow_water_r2_fringe_w.png	1151	63	16	20
asset	zone_tiles/zone_tile_shallow_water_r3.png	1201	63	16	20
asset	zone_tiles/zone_tile_shallow_water_r3_fringe_e.png	1251	63	16	20
asset	zone_tiles/zone_tile_shallow_water_r3_fringe_n.png	1301	63	16	20
asset	zone_tiles/zone_tile_shallow_water_r3_fringe_ne.png	1351	63	16	20
asset	zone_tiles/zone_tile_shallow_water_r3_fringe_nw.png	1401	63	16	20
asset	zone_tiles/zone_tile_shallow_water_r3_fringe_s.png	1451	63	16	20
asset	zone_tiles/zone_tile_shallow_water_r3_fringe_se.png	1501	63	16	20
asset	zone_tiles/zone_tile_shallow_water_r3_fringe_sw.png	1	125	16	20
asset	zone_tiles/zone_tile_shallow_water_r3_fringe_w.png	51	125	16	20
asset	zone_tiles/zone_tile_shallow_water_r4.png	101	125	16	20
asset	zone_tiles/zone_tile_shallow_water_r4_fringe_e.png	151	125	16	20
asset	zone_tiles/zone_tile_shallow_water_r4_fringe_n.png	201	125	16	20
asset	zone_tiles/zone_tile_shallow_water_r4_fringe_ne.png	251	125	16	20
asset	zone_tiles/zone_tile_shallow_water_r4_fringe_nw.png	301	125	16	20
asset	zone_tiles/zone_tile_shallow_water_r4_fringe_s.png	351	125	16	20
asset	zone_tiles/zone_tile_shallow_water_r4_fringe_se.png	401	125	16	20
asset	zone_tiles/zone_tile_shallow_water_r4_fringe_sw.png	451	125	16	20
asset	zone_tiles/zone_tile_shallow_water_r4_fringe_w.png	501	125	16	20
asset	zone_tiles/zone_tile_shallow_water_reed0.png	551	125	16	20
asset	zone_tiles/zone_tile_shallow_water_reed0_fringe_e.png	601	125	16	20
asset	zone_tiles/zone_tile_shallow_water_reed0_fringe_n.png	651	125	16	20
asset	zone_tiles/zone_tile_shallow_water_reed0_fringe_ne.png	701	125	16	20
asset	zone_tiles/zone_tile_shallow_water_reed0_fringe_nw.png	751	125	16	20
asset	zone_tiles/zone_tile_shallow_water_reed0_fringe_s.png	801	125	16	20
asset	zone_tiles/zone_tile_shallow_water_reed0_fringe_se.png	851	125	16	20
asset	zone_tiles/zone_tile_shallow_water_reed0_fringe_sw.png	901	125	16	20
asset	zone_tiles/zone_tile_shallow_water_reed0_fringe_w.png	951	125	16	20
asset	zone_tiles/zone_tile_shallow_water_reed1.png	1001	125	16	20
asset	zone_tiles/zone_tile_shallow_water_reed1_fringe_e.png	1051	125	16	20
asset	zone_tiles/zone_tile_shallow_water_reed1_fringe_n.png	1101	125	16	20
asset	zone_tiles/zone_tile_shallow_water_reed1_fringe_ne.png	1151	125	16	20
asset	zone_tiles/zone_tile_shallow_water_reed1_fringe_nw.png	1201	125	16	20
asset	zone_tiles/zone_tile_shallow_water_reed1_fringe_s.png	1251	125	16	20
asset	zone_tiles/zone_tile_shallow_water_reed1_fringe_se.png	1301	125	16	20
asset	zone_tiles/zone_tile_shallow_water_reed1_fringe_sw.png	1351	125	16	20
asset	zone_tiles/zone_tile_shallow_water_reed1_fringe_w.png	1401	125	16	20
asset	zone_tiles/zone_tile_shallow_water_rock0.png	1451	125	16	20
asset	zone_tiles/zone_tile_shallow_water_rock0_fringe_e.png	1501	125	16	20
asset	zone_tiles/zone_tile_shallow_water_rock0_fringe_n.png	1	187	16	20
asset	zone_tiles/zone_tile_shallow_water_rock0_fringe_ne.png	51	187	16	20
asset	zone_tiles/zone_tile_shallow_water_rock0_fringe_nw.png	101	187	16	20
asset	zone_tiles/zone_tile_shallow_water_rock0_fringe_s.png	151	187	16	20
asset	zone_tiles/zone_tile_shallow_water_rock0_fringe_se.png	201	187	16	20
asset	zone_tiles/zone_tile_shallow_water_rock0_fringe_sw.png	251	187	16	20
asset	zone_tiles/zone_tile_shallow_water_rock0_fringe_w.png	301	187	16	20
asset	zone_tiles/zone_tile_shallow_water_rock1.png	351	187	16	20
asset	zone_tiles/zone_tile_shallow_water_rock1_fringe_e.png	401	187	16	20
asset	zone_tiles/zone_tile_shallow_water_rock1_fringe_n.png	451	187	16	20
asset	zone_tiles/zone_tile_shallow_water_rock1_fringe_ne.png	501	187	16	20
asset	zone_tiles/zone_tile_shallow_water_rock1_fringe_nw.png	551	187	16	20
asset	zone_tiles/zone_tile_shallow_water_rock1_fringe_s.png	601	187	16	20
asset	zone_tiles/zone_tile_shallow_water_rock1_fringe_se.png	651	187	16	20
asset	zone_tiles/zone_tile_shallow_water_rock1_fringe_sw.png	701	187	16	20
asset	zone_tiles/zone_tile_shallow_water_rock1_fringe_w.png	751	187	16	20
asset	zone_tiles/zone_tile_shallow_water_rock2.png	801	187	16	20
asset	zone_tiles/zone_tile_shallow_water_rock2_fringe_e.png	851	187	16	20
asset	zone_tiles/zone_tile_shallow_water_rock2_fringe_n.png	901	187	16	20
asset	zone_tiles/zone_tile_shallow_water_rock2_fringe_ne.png	951	187	16	20
asset	zone_tiles/zone_tile_shallow_water_rock2_fringe_nw.png	1001	187	16	20
asset	zone_tiles/zone_tile_shallow_water_rock2_fringe_s.png	1051	187	16	20
asset	zone_tiles/zone_tile_shallow_water_rock2_fringe_se.png	1101	187	16	20
asset	zone_tiles/zone_tile_shallow_water_rock2_fringe_sw.png	1151	187	16	20
asset	zone_tiles/zone_tile_shallow_water_rock2_fringe_w.png	1201	187	16	20
asset	zone_tiles/zone_tile_still_water_r0.png	1251	187	16	20
asset	zone_tiles/zone_tile_still_water_r0_fringe_e.png	1301	187	16	20
asset	zone_tiles/zone_tile_still_water_r0_fringe_n.png	1351	187	16	20
asset	zone_tiles/zone_tile_still_water_r0_fringe_ne.png	1401	187	16	20
asset	zone_tiles/zone_tile_still_water_r0_fringe_nw.png	1451	187	16	20
asset	zone_tiles/zone_tile_still_water_r0_fringe_s.png	1501	187	16	20
asset	zone_tiles/zone_tile_still_water_r0_fringe_se.png	1	249	16	20
asset	zone_tiles/zone_tile_still_water_r0_fringe_sw.png	51	249	16	20
asset	zone_tiles/zone_tile_still_water_r0_fringe_w.png	101	249	16	20
asset	zone_tiles/zone_tile_still_water_r1.png	151	249	16	20
asset	zone_tiles/zone_tile_still_water_r1_fringe_e.png	201	249	16	20
asset	zone_tiles/zone_tile_still_water_r1_fringe_n.png	251	249	16	20
asset	zone_tiles/zone_tile_still_water_r1_fringe_ne.png	301	249	16	20
asset	zone_tiles/zone_tile_still_water_r1_fringe_nw.png	351	249	16	20
asset	zone_tiles/zone_tile_still_water_r1_fringe_s.png	401	249	16	20
asset	zone_tiles/zone_tile_still_water_r1_fringe_se.png	451	249	16	20
asset	zone_tiles/zone_tile_still_water_r1_fringe_sw.png	501	249	16	20
asset	zone_tiles/zone_tile_still_water_r1_fringe_w.png	551	249	16	20
asset	zone_tiles/zone_tile_still_water_r2.png	601	249	16	20
asset	zone_tiles/zone_tile_still_water_r2_fringe_e.png	651	249	16	20
asset	zone_tiles/zone_tile_still_water_r2_fringe_n.png	701	249	16	20
asset	zone_tiles/zone_tile_still_water_r2_fringe_ne.png	751	249	16	20
asset	zone_tiles/zone_tile_still_water_r2_fringe_nw.png	801	249	16	20
asset	zone_tiles/zone_tile_still_water_r2_fringe_s.png	851	249	16	20
asset	zone_tiles/zone_tile_still_water_r2_fringe_se.png	901	249	16	20
asset	zone_tiles/zone_tile_still_water_r2_fringe_sw.png	951	249	16	20
asset	zone_tiles/zone_tile_still_water_r2_fringe_w.png	1001	249	16	20
asset	zone_tiles/zone_tile_still_water_r3.png	1051	249	16	20
asset	zone_tiles/zone_tile_still_water_r3_fringe_e.png	1101	249	16	20
asset	zone_tiles/zone_tile_still_water_r3_fringe_n.png	1151	249	16	20
asset	zone_tiles/zone_tile_still_water_r3_fringe_ne.png	1201	249	16	20
asset	zone_tiles/zone_tile_still_water_r3_fringe_nw.png	1251	249	16	20
asset	zone_tiles/zone_tile_still_water_r3_fringe_s.png	1301	249	16	20
asset	zone_tiles/zone_tile_still_water_r3_fringe_se.png	1351	249	16	20
asset	zone_tiles/zone_tile_still_water_r3_fringe_sw.png	1401	249	16	20
asset	zone_tiles/zone_tile_still_water_r3_fringe_w.png	1451	249	16	20
asset	zone_tiles/zone_tile_still_water_r4.png	1501	249	16	20
asset	zone_tiles/zone_tile_still_water_r4_fringe_e.png	1	311	16	20
asset	zone_tiles/zone_tile_still_water_r4_fringe_n.png	51	311	16	20
asset	zone_tiles/zone_tile_still_water_r4_fringe_ne.png	101	311	16	20
asset	zone_tiles/zone_tile_still_water_r4_fringe_nw.png	151	311	16	20
asset	zone_tiles/zone_tile_still_water_r4_fringe_s.png	201	311	16	20
asset	zone_tiles/zone_tile_still_water_r4_fringe_se.png	251	311	16	20
asset	zone_tiles/zone_tile_still_water_r4_fringe_sw.png	301	311	16	20
asset	zone_tiles/zone_tile_still_water_r4_fringe_w.png	351	311	16	20
asset	zone_tiles/zone_tile_stone_fence_r0_bl.png	401	311	16	20
asset	zone_tiles/zone_tile_stone_fence_r0_br.png	451	311	16	20
asset	zone_tiles/zone_tile_stone_fence_r0_cross.png	501	311	16	20
asset	zone_tiles/zone_tile_stone_fence_r0_end_e.png	551	311	16	20
asset	zone_tiles/zone_tile_stone_fence_r0_end_n.png	601	311	16	20
asset	zone_tiles/zone_tile_stone_fence_r0_end_s.png	651	311	16	20
asset	zone_tiles/zone_tile_stone_fence_r0_end_w.png	701	311	16	20
asset	zone_tiles/zone_tile_stone_fence_r0_h.png	751	311	16	20
asset	zone_tiles/zone_tile_stone_fence_r0_single.png	801	311	16	20
asset	zone_tiles/zone_tile_stone_fence_r0_tee_esw.png	851	311	16	20
asset	zone_tiles/zone_tile_stone_fence_r0_tee_nes.png	901	311	16	20
asset	zone_tiles/zone_tile_stone_fence_r0_tee_new.png	951	311	16	20
asset	zone_tiles/zone_tile_stone_fence_r0_tee_nsw.png	1001	311	16	20
asset	zone_tiles/zone_tile_stone_fence_r0_tl.png	1051	311	16	20
asset	zone_tiles/zone_tile_stone_fence_r0_tr.png	1101	311	16	20
asset	zone_tiles/zone_tile_stone_fence_r0_v.png	1151	311	16	20
asset	zone_tiles/zone_tile_stonebrick_floor.png	451	1365	16	20
asset	zone_tiles/zone_tile_stonebrick_wall_r0_cap_e.png	1201	311	16	20
asset	zone_tiles/zone_tile_stonebrick_wall_r0_cap_n.png	1251	311	16	20
asset	zone_tiles/zone_tile_stonebrick_wall_r0_cap_s.png	1301	311	16	20
asset	zone_tiles/zone_tile_stonebrick_wall_r0_cap_w.png	1351	311	16	20
asset	zone_tiles/zone_tile_stonebrick_wall_r0_corner_ne.png	1401	311	16	20
asset	zone_tiles/zone_tile_stonebrick_wall_r0_corner_ne_inner_sw.png	1451	311	16	20
asset	zone_tiles/zone_tile_stonebrick_wall_r0_corner_nw.png	1501	311	16	20
asset	zone_tiles/zone_tile_stonebrick_wall_r0_corner_nw_inner_se.png	1	373	16	20
asset	zone_tiles/zone_tile_stonebrick_wall_r0_corner_se.png	51	373	16	20
asset	zone_tiles/zone_tile_stonebrick_wall_r0_corner_se_inner_nw.png	101	373	16	20
asset	zone_tiles/zone_tile_stonebrick_wall_r0_corner_sw.png	151	373	16	20
asset	zone_tiles/zone_tile_stonebrick_wall_r0_corner_sw_inner_ne.png	201	373	16	20
asset	zone_tiles/zone_tile_stonebrick_wall_r0_edge_e.png	251	373	16	20
asset	zone_tiles/zone_tile_stonebrick_wall_r0_edge_e_inner_nw.png	301	373	16	20
asset	zone_tiles/zone_tile_stonebrick_wall_r0_edge_e_inner_sw.png	351	373	16	20
asset	zone_tiles/zone_tile_stonebrick_wall_r0_edge_e_inner_sw_nw.png	401	373	16	20
asset	zone_tiles/zone_tile_stonebrick_wall_r0_edge_n.png	451	373	16	20
asset	zone_tiles/zone_tile_stonebrick_wall_r0_edge_n_inner_se.png	501	373	16	20
asset	zone_tiles/zone_tile_stonebrick_wall_r0_edge_n_inner_se_sw.png	551	373	16	20
asset	zone_tiles/zone_tile_stonebrick_wall_r0_edge_n_inner_sw.png	601	373	16	20
asset	zone_tiles/zone_tile_stonebrick_wall_r0_edge_s.png	651	373	16	20
asset	zone_tiles/zone_tile_stonebrick_wall_r0_edge_s_inner_ne.png	701	373	16	20
asset	zone_tiles/zone_tile_stonebrick_wall_r0_edge_s_inner_ne_nw.png	751	373	16	20
asset	zone_tiles/zone_tile_stonebrick_wall_r0_edge_s_inner_nw.png	801	373	16	20
asset	zone_tiles/zone_tile_stonebrick_wall_r0_edge_w.png	851	373	16	20
asset	zone_tiles/zone_tile_stonebrick_wall_r0_edge_w_inner_ne.png	901	373	16	20
asset	zone_tiles/zone_tile_stonebrick_wall_r0_edge_w_inner_ne_se.png	951	373	16	20
asset	zone_tiles/zone_tile_stonebrick_wall_r0_edge_w_inner_se.png	1001	373	16	20
asset	zone_tiles/zone_tile_stonebrick_wall_r0_fill.png	1051	373	16	20
asset	zone_tiles/zone_tile_stonebrick_wall_r0_fill_inner_ne.png	1101	373	16	20
asset	zone_tiles/zone_tile_stonebrick_wall_r0_fill_inner_ne_nw.png	1151	373	16	20
asset	zone_tiles/zone_tile_stonebrick_wall_r0_fill_inner_ne_se.png	1201	373	16	20
asset	zone_tiles/zone_tile_stonebrick_wall_r0_fill_inner_ne_se_nw.png	1251	373	16	20
asset	zone_tiles/zone_tile_stonebrick_wall_r0_fill_inner_ne_se_sw.png	1301	373	16	20
asset	zone_tiles/zone_tile_stonebrick_wall_r0_fill_inner_ne_se_sw_nw.png	1351	373	16	20
asset	zone_tiles/zone_tile_stonebrick_wall_r0_fill_inner_ne_sw.png	1401	373	16	20
asset	zone_tiles/zone_tile_stonebrick_wall_r0_fill_inner_ne_sw_nw.png	1451	373	16	20
asset	zone_tiles/zone_tile_stonebrick_wall_r0_fill_inner_nw.png	1501	373	16	20
asset	zone_tiles/zone_tile_stonebrick_wall_r0_fill_inner_se.png	1	435	16	20
asset	zone_tiles/zone_tile_stonebrick_wall_r0_fill_inner_se_nw.png	51	435	16	20
asset	zone_tiles/zone_tile_stonebrick_wall_r0_fill_inner_se_sw.png	101	435	16	20
asset	zone_tiles/zone_tile_stonebrick_wall_r0_fill_inner_se_sw_nw.png	151	435	16	20
asset	zone_tiles/zone_tile_stonebrick_wall_r0_fill_inner_sw.png	201	435	16	20
asset	zone_tiles/zone_tile_stonebrick_wall_r0_fill_inner_sw_nw.png	251	435	16	20
asset	zone_tiles/zone_tile_stonebrick_wall_r0_narrow_h.png	301	435	16	20
asset	zone_tiles/zone_tile_stonebrick_wall_r0_narrow_v.png	351	435	16	20
asset	zone_tiles/zone_tile_stonebrick_wall_r0_single.png	401	435	16	20
asset	zone_tiles/zone_tile_stonebrick_wall_r1_cap_e.png	451	435	16	20
asset	zone_tiles/zone_tile_stonebrick_wall_r1_cap_n.png	501	435	16	20
asset	zone_tiles/zone_tile_stonebrick_wall_r1_cap_s.png	551	435	16	20
asset	zone_tiles/zone_tile_stonebrick_wall_r1_cap_w.png	601	435	16	20
asset	zone_tiles/zone_tile_stonebrick_wall_r1_corner_ne.png	651	435	16	20
asset	zone_tiles/zone_tile_stonebrick_wall_r1_corner_ne_inner_sw.png	701	435	16	20
asset	zone_tiles/zone_tile_stonebrick_wall_r1_corner_nw.png	751	435	16	20
asset	zone_tiles/zone_tile_stonebrick_wall_r1_corner_nw_inner_se.png	801	435	16	20
asset	zone_tiles/zone_tile_stonebrick_wall_r1_corner_se.png	851	435	16	20
asset	zone_tiles/zone_tile_stonebrick_wall_r1_corner_se_inner_nw.png	901	435	16	20
asset	zone_tiles/zone_tile_stonebrick_wall_r1_corner_sw.png	951	435	16	20
asset	zone_tiles/zone_tile_stonebrick_wall_r1_corner_sw_inner_ne.png	1001	435	16	20
asset	zone_tiles/zone_tile_stonebrick_wall_r1_edge_e.png	1051	435	16	20
asset	zone_tiles/zone_tile_stonebrick_wall_r1_edge_e_inner_nw.png	1101	435	16	20
asset	zone_tiles/zone_tile_stonebrick_wall_r1_edge_e_inner_sw.png	1151	435	16	20
asset	zone_tiles/zone_tile_stonebrick_wall_r1_edge_e_inner_sw_nw.png	1201	435	16	20
asset	zone_tiles/zone_tile_stonebrick_wall_r1_edge_n.png	1251	435	16	20
asset	zone_tiles/zone_tile_stonebrick_wall_r1_edge_n_inner_se.png	1301	435	16	20
asset	zone_tiles/zone_tile_stonebrick_wall_r1_edge_n_inner_se_sw.png	1351	435	16	20
asset	zone_tiles/zone_tile_stonebrick_wall_r1_edge_n_inner_sw.png	1401	435	16	20
asset	zone_tiles/zone_tile_stonebrick_wall_r1_edge_s.png	1451	435	16	20
asset	zone_tiles/zone_tile_stonebrick_wall_r1_edge_s_inner_ne.png	1501	435	16	20
asset	zone_tiles/zone_tile_stonebrick_wall_r1_edge_s_inner_ne_nw.png	1	497	16	20
asset	zone_tiles/zone_tile_stonebrick_wall_r1_edge_s_inner_nw.png	51	497	16	20
asset	zone_tiles/zone_tile_stonebrick_wall_r1_edge_w.png	101	497	16	20
asset	zone_tiles/zone_tile_stonebrick_wall_r1_edge_w_inner_ne.png	151	497	16	20
asset	zone_tiles/zone_tile_stonebrick_wall_r1_edge_w_inner_ne_se.png	201	497	16	20
asset	zone_tiles/zone_tile_stonebrick_wall_r1_edge_w_inner_se.png	251	497	16	20
asset	zone_tiles/zone_tile_stonebrick_wall_r1_fill.png	301	497	16	20
asset	zone_tiles/zone_tile_stonebrick_wall_r1_fill_inner_ne.png	351	497	16	20
asset	zone_tiles/zone_tile_stonebrick_wall_r1_fill_inner_ne_nw.png	401	497	16	20
asset	zone_tiles/zone_tile_stonebrick_wall_r1_fill_inner_ne_se.png	451	497	16	20
asset	zone_tiles/zone_tile_stonebrick_wall_r1_fill_inner_ne_se_nw.png	501	497	16	20
asset	zone_tiles/zone_tile_stonebrick_wall_r1_fill_inner_ne_se_sw.png	551	497	16	20
asset	zone_tiles/zone_tile_stonebrick_wall_r1_fill_inner_ne_se_sw_nw.png	601	497	16	20
asset	zone_tiles/zone_tile_stonebrick_wall_r1_fill_inner_ne_sw.png	651	497	16	20
asset	zone_tiles/zone_tile_stonebrick_wall_r1_fill_inner_ne_sw_nw.png	701	497	16	20
asset	zone_tiles/zone_tile_stonebrick_wall_r1_fill_inner_nw.png	751	497	16	20
asset	zone_tiles/zone_tile_stonebrick_wall_r1_fill_inner_se.png	801	497	16	20
asset	zone_tiles/zone_tile_stonebrick_wall_r1_fill_inner_se_nw.png	851	497	16	20
asset	zone_tiles/zone_tile_stonebrick_wall_r1_fill_inner_se_sw.png	901	497	16	20
asset	zone_tiles/zone_tile_stonebrick_wall_r1_fill_inner_se_sw_nw.png	951	497	16	20
asset	zone_tiles/zone_tile_stonebrick_wall_r1_fill_inner_sw.png	1001	497	16	20
asset	zone_tiles/zone_tile_stonebrick_wall_r1_fill_inner_sw_nw.png	1051	497	16	20
asset	zone_tiles/zone_tile_stonebrick_wall_r1_narrow_h.png	1101	497	16	20
asset	zone_tiles/zone_tile_stonebrick_wall_r1_narrow_v.png	1151	497	16	20
asset	zone_tiles/zone_tile_stonebrick_wall_r1_single.png	1201	497	16	20
asset	zone_tiles/zone_tile_stonebrick_wall_r2_cap_e.png	1251	497	16	20
asset	zone_tiles/zone_tile_stonebrick_wall_r2_cap_n.png	1301	497	16	20
asset	zone_tiles/zone_tile_stonebrick_wall_r2_cap_s.png	1351	497	16	20
asset	zone_tiles/zone_tile_stonebrick_wall_r2_cap_w.png	1401	497	16	20
asset	zone_tiles/zone_tile_stonebrick_wall_r2_corner_ne.png	1451	497	16	20
asset	zone_tiles/zone_tile_stonebrick_wall_r2_corner_ne_inner_sw.png	1501	497	16	20
asset	zone_tiles/zone_tile_stonebrick_wall_r2_corner_nw.png	1	559	16	20
asset	zone_tiles/zone_tile_stonebrick_wall_r2_corner_nw_inner_se.png	51	559	16	20
asset	zone_tiles/zone_tile_stonebrick_wall_r2_corner_se.png	101	559	16	20
asset	zone_tiles/zone_tile_stonebrick_wall_r2_corner_se_inner_nw.png	151	559	16	20
asset	zone_tiles/zone_tile_stonebrick_wall_r2_corner_sw.png	201	559	16	20
asset	zone_tiles/zone_tile_stonebrick_wall_r2_corner_sw_inner_ne.png	251	559	16	20
asset	zone_tiles/zone_tile_stonebrick_wall_r2_edge_e.png	301	559	16	20
asset	zone_tiles/zone_tile_stonebrick_wall_r2_edge_e_inner_nw.png	351	559	16	20
asset	zone_tiles/zone_tile_stonebrick_wall_r2_edge_e_inner_sw.png	401	559	16	20
asset	zone_tiles/zone_tile_stonebrick_wall_r2_edge_e_inner_sw_nw.png	451	559	16	20
asset	zone_tiles/zone_tile_stonebrick_wall_r2_edge_n.png	501	559	16	20
asset	zone_tiles/zone_tile_stonebrick_wall_r2_edge_n_inner_se.png	551	559	16	20
asset	zone_tiles/zone_tile_stonebrick_wall_r2_edge_n_inner_se_sw.png	601	559	16	20
asset	zone_tiles/zone_tile_stonebrick_wall_r2_edge_n_inner_sw.png	651	559	16	20
asset	zone_tiles/zone_tile_stonebrick_wall_r2_edge_s.png	701	559	16	20
asset	zone_tiles/zone_tile_stonebrick_wall_r2_edge_s_inner_ne.png	751	559	16	20
asset	zone_tiles/zone_tile_stonebrick_wall_r2_edge_s_inner_ne_nw.png	801	559	16	20
asset	zone_tiles/zone_tile_stonebrick_wall_r2_edge_s_inner_nw.png	851	559	16	20
asset	zone_tiles/zone_tile_stonebrick_wall_r2_edge_w.png	901	559	16	20
asset	zone_tiles/zone_tile_stonebrick_wall_r2_edge_w_inner_ne.png	951	559	16	20
asset	zone_tiles/zone_tile_stonebrick_wall_r2_edge_w_inner_ne_se.png	1001	559	16	20
asset	zone_tiles/zone_tile_stonebrick_wall_r2_edge_w_inner_se.png	1051	559	16	20
asset	zone_tiles/zone_tile_stonebrick_wall_r2_fill.png	1101	559	16	20
asset	zone_tiles/zone_tile_stonebrick_wall_r2_fill_inner_ne.png	1151	559	16	20
asset	zone_tiles/zone_tile_stonebrick_wall_r2_fill_inner_ne_nw.png	1201	559	16	20
asset	zone_tiles/zone_tile_stonebrick_wall_r2_fill_inner_ne_se.png	1251	559	16	20
asset	zone_tiles/zone_tile_stonebrick_wall_r2_fill_inner_ne_se_nw.png	1301	559	16	20
asset	zone_tiles/zone_tile_stonebrick_wall_r2_fill_inner_ne_se_sw.png	1351	559	16	20
asset	zone_tiles/zone_tile_stonebrick_wall_r2_fill_inner_ne_se_sw_nw.png	1401	559	16	20
asset	zone_tiles/zone_tile_stonebrick_wall_r2_fill_inner_ne_sw.png	1451	559	16	20
asset	zone_tiles/zone_tile_stonebrick_wall_r2_fill_inner_ne_sw_nw.png	1501	559	16	20
asset	zone_tiles/zone_tile_stonebrick_wall_r2_fill_inner_nw.png	1	621	16	20
asset	zone_tiles/zone_tile_stonebrick_wall_r2_fill_inner_se.png	51	621	16	20
asset	zone_tiles/zone_tile_stonebrick_wall_r2_fill_inner_se_nw.png	101	621	16	20
asset	zone_tiles/zone_tile_stonebrick_wall_r2_fill_inner_se_sw.png	151	621	16	20
asset	zone_tiles/zone_tile_stonebrick_wall_r2_fill_inner_se_sw_nw.png	201	621	16	20
asset	zone_tiles/zone_tile_stonebrick_wall_r2_fill_inner_sw.png	251	621	16	20
asset	zone_tiles/zone_tile_stonebrick_wall_r2_fill_inner_sw_nw.png	301	621	16	20
asset	zone_tiles/zone_tile_stonebrick_wall_r2_narrow_h.png	351	621	16	20
asset	zone_tiles/zone_tile_stonebrick_wall_r2_narrow_v.png	401	621	16	20
asset	zone_tiles/zone_tile_stonebrick_wall_r2_single.png	451	621	16	20
asset	zone_tiles/zone_tile_stonebrick_wall_r3_cap_e.png	501	621	16	20
asset	zone_tiles/zone_tile_stonebrick_wall_r3_cap_n.png	551	621	16	20
asset	zone_tiles/zone_tile_stonebrick_wall_r3_cap_s.png	601	621	16	20
asset	zone_tiles/zone_tile_stonebrick_wall_r3_cap_w.png	651	621	16	20
asset	zone_tiles/zone_tile_stonebrick_wall_r3_corner_ne.png	701	621	16	20
asset	zone_tiles/zone_tile_stonebrick_wall_r3_corner_ne_inner_sw.png	751	621	16	20
asset	zone_tiles/zone_tile_stonebrick_wall_r3_corner_nw.png	801	621	16	20
asset	zone_tiles/zone_tile_stonebrick_wall_r3_corner_nw_inner_se.png	851	621	16	20
asset	zone_tiles/zone_tile_stonebrick_wall_r3_corner_se.png	901	621	16	20
asset	zone_tiles/zone_tile_stonebrick_wall_r3_corner_se_inner_nw.png	951	621	16	20
asset	zone_tiles/zone_tile_stonebrick_wall_r3_corner_sw.png	1001	621	16	20
asset	zone_tiles/zone_tile_stonebrick_wall_r3_corner_sw_inner_ne.png	1051	621	16	20
asset	zone_tiles/zone_tile_stonebrick_wall_r3_edge_e.png	1101	621	16	20
asset	zone_tiles/zone_tile_stonebrick_wall_r3_edge_e_inner_nw.png	1151	621	16	20
asset	zone_tiles/zone_tile_stonebrick_wall_r3_edge_e_inner_sw.png	1201	621	16	20
asset	zone_tiles/zone_tile_stonebrick_wall_r3_edge_e_inner_sw_nw.png	1251	621	16	20
asset	zone_tiles/zone_tile_stonebrick_wall_r3_edge_n.png	1301	621	16	20
asset	zone_tiles/zone_tile_stonebrick_wall_r3_edge_n_inner_se.png	1351	621	16	20
asset	zone_tiles/zone_tile_stonebrick_wall_r3_edge_n_inner_se_sw.png	1401	621	16	20
asset	zone_tiles/zone_tile_stonebrick_wall_r3_edge_n_inner_sw.png	1451	621	16	20
asset	zone_tiles/zone_tile_stonebrick_wall_r3_edge_s.png	1501	621	16	20
asset	zone_tiles/zone_tile_stonebrick_wall_r3_edge_s_inner_ne.png	1	683	16	20
asset	zone_tiles/zone_tile_stonebrick_wall_r3_edge_s_inner_ne_nw.png	51	683	16	20
asset	zone_tiles/zone_tile_stonebrick_wall_r3_edge_s_inner_nw.png	101	683	16	20
asset	zone_tiles/zone_tile_stonebrick_wall_r3_edge_w.png	151	683	16	20
asset	zone_tiles/zone_tile_stonebrick_wall_r3_edge_w_inner_ne.png	201	683	16	20
asset	zone_tiles/zone_tile_stonebrick_wall_r3_edge_w_inner_ne_se.png	251	683	16	20
asset	zone_tiles/zone_tile_stonebrick_wall_r3_edge_w_inner_se.png	301	683	16	20
asset	zone_tiles/zone_tile_stonebrick_wall_r3_fill.png	351	683	16	20
asset	zone_tiles/zone_tile_stonebrick_wall_r3_fill_inner_ne.png	401	683	16	20
asset	zone_tiles/zone_tile_stonebrick_wall_r3_fill_inner_ne_nw.png	451	683	16	20
asset	zone_tiles/zone_tile_stonebrick_wall_r3_fill_inner_ne_se.png	501	683	16	20
asset	zone_tiles/zone_tile_stonebrick_wall_r3_fill_inner_ne_se_nw.png	551	683	16	20
asset	zone_tiles/zone_tile_stonebrick_wall_r3_fill_inner_ne_se_sw.png	601	683	16	20
asset	zone_tiles/zone_tile_stonebrick_wall_r3_fill_inner_ne_se_sw_nw.png	651	683	16	20
asset	zone_tiles/zone_tile_stonebrick_wall_r3_fill_inner_ne_sw.png	701	683	16	20
asset	zone_tiles/zone_tile_stonebrick_wall_r3_fill_inner_ne_sw_nw.png	751	683	16	20
asset	zone_tiles/zone_tile_stonebrick_wall_r3_fill_inner_nw.png	801	683	16	20
asset	zone_tiles/zone_tile_stonebrick_wall_r3_fill_inner_se.png	851	683	16	20
asset	zone_tiles/zone_tile_stonebrick_wall_r3_fill_inner_se_nw.png	901	683	16	20
asset	zone_tiles/zone_tile_stonebrick_wall_r3_fill_inner_se_sw.png	951	683	16	20
asset	zone_tiles/zone_tile_stonebrick_wall_r3_fill_inner_se_sw_nw.png	1001	683	16	20
asset	zone_tiles/zone_tile_stonebrick_wall_r3_fill_inner_sw.png	1051	683	16	20
asset	zone_tiles/zone_tile_stonebrick_wall_r3_fill_inner_sw_nw.png	1101	683	16	20
asset	zone_tiles/zone_tile_stonebrick_wall_r3_narrow_h.png	1151	683	16	20
asset	zone_tiles/zone_tile_stonebrick_wall_r3_narrow_v.png	1201	683	16	20
asset	zone_tiles/zone_tile_stonebrick_wall_r3_single.png	1251	683	16	20
asset	zone_tiles/zone_tile_stonebrick_wall_r4_cap_e.png	1301	683	16	20
asset	zone_tiles/zone_tile_stonebrick_wall_r4_cap_n.png	1351	683	16	20
asset	zone_tiles/zone_tile_stonebrick_wall_r4_cap_s.png	1401	683	16	20
asset	zone_tiles/zone_tile_stonebrick_wall_r4_cap_w.png	1451	683	16	20
asset	zone_tiles/zone_tile_stonebrick_wall_r4_corner_ne.png	1501	683	16	20
asset	zone_tiles/zone_tile_stonebrick_wall_r4_corner_ne_inner_sw.png	1	745	16	20
asset	zone_tiles/zone_tile_stonebrick_wall_r4_corner_nw.png	51	745	16	20
asset	zone_tiles/zone_tile_stonebrick_wall_r4_corner_nw_inner_se.png	101	745	16	20
asset	zone_tiles/zone_tile_stonebrick_wall_r4_corner_se.png	151	745	16	20
asset	zone_tiles/zone_tile_stonebrick_wall_r4_corner_se_inner_nw.png	201	745	16	20
asset	zone_tiles/zone_tile_stonebrick_wall_r4_corner_sw.png	251	745	16	20
asset	zone_tiles/zone_tile_stonebrick_wall_r4_corner_sw_inner_ne.png	301	745	16	20
asset	zone_tiles/zone_tile_stonebrick_wall_r4_edge_e.png	351	745	16	20
asset	zone_tiles/zone_tile_stonebrick_wall_r4_edge_e_inner_nw.png	401	745	16	20
asset	zone_tiles/zone_tile_stonebrick_wall_r4_edge_e_inner_sw.png	451	745	16	20
asset	zone_tiles/zone_tile_stonebrick_wall_r4_edge_e_inner_sw_nw.png	501	745	16	20
asset	zone_tiles/zone_tile_stonebrick_wall_r4_edge_n.png	551	745	16	20
asset	zone_tiles/zone_tile_stonebrick_wall_r4_edge_n_inner_se.png	601	745	16	20
asset	zone_tiles/zone_tile_stonebrick_wall_r4_edge_n_inner_se_sw.png	651	745	16	20
asset	zone_tiles/zone_tile_stonebrick_wall_r4_edge_n_inner_sw.png	701	745	16	20
asset	zone_tiles/zone_tile_stonebrick_wall_r4_edge_s.png	751	745	16	20
asset	zone_tiles/zone_tile_stonebrick_wall_r4_edge_s_inner_ne.png	801	745	16	20
asset	zone_tiles/zone_tile_stonebrick_wall_r4_edge_s_inner_ne_nw.png	851	745	16	20
asset	zone_tiles/zone_tile_stonebrick_wall_r4_edge_s_inner_nw.png	901	745	16	20
asset	zone_tiles/zone_tile_stonebrick_wall_r4_edge_w.png	951	745	16	20
asset	zone_tiles/zone_tile_stonebrick_wall_r4_edge_w_inner_ne.png	1001	745	16	20
asset	zone_tiles/zone_tile_stonebrick_wall_r4_edge_w_inner_ne_se.png	1051	745	16	20
asset	zone_tiles/zone_tile_stonebrick_wall_r4_edge_w_inner_se.png	1101	745	16	20
asset	zone_tiles/zone_tile_stonebrick_wall_r4_fill.png	1151	745	16	20
asset	zone_tiles/zone_tile_stonebrick_wall_r4_fill_inner_ne.png	1201	745	16	20
asset	zone_tiles/zone_tile_stonebrick_wall_r4_fill_inner_ne_nw.png	1251	745	16	20
asset	zone_tiles/zone_tile_stonebrick_wall_r4_fill_inner_ne_se.png	1301	745	16	20
asset	zone_tiles/zone_tile_stonebrick_wall_r4_fill_inner_ne_se_nw.png	1351	745	16	20
asset	zone_tiles/zone_tile_stonebrick_wall_r4_fill_inner_ne_se_sw.png	1401	745	16	20
asset	zone_tiles/zone_tile_stonebrick_wall_r4_fill_inner_ne_se_sw_nw.png	1451	745	16	20
asset	zone_tiles/zone_tile_stonebrick_wall_r4_fill_inner_ne_sw.png	1501	745	16	20
asset	zone_tiles/zone_tile_stonebrick_wall_r4_fill_inner_ne_sw_nw.png	1	807	16	20
asset	zone_tiles/zone_tile_stonebrick_wall_r4_fill_inner_nw.png	51	807	16	20
asset	zone_tiles/zone_tile_stonebrick_wall_r4_fill_inner_se.png	101	807	16	20
asset	zone_tiles/zone_tile_stonebrick_wall_r4_fill_inner_se_nw.png	151	807	16	20
asset	zone_tiles/zone_tile_stonebrick_wall_r4_fill_inner_se_sw.png	201	807	16	20
asset	zone_tiles/zone_tile_stonebrick_wall_r4_fill_inner_se_sw_nw.png	251	807	16	20
asset	zone_tiles/zone_tile_stonebrick_wall_r4_fill_inner_sw.png	301	807	16	20
asset	zone_tiles/zone_tile_stonebrick_wall_r4_fill_inner_sw_nw.png	351	807	16	20
asset	zone_tiles/zone_tile_stonebrick_wall_r4_narrow_h.png	401	807	16	20
asset	zone_tiles/zone_tile_stonebrick_wall_r4_narrow_v.png	451	807	16	20
asset	zone_tiles/zone_tile_stonebrick_wall_r4_single.png	501	807	16	20
asset	zone_tiles/zone_tile_stonebrick_wall_r5_cap_e.png	551	807	16	20
asset	zone_tiles/zone_tile_stonebrick_wall_r5_cap_n.png	601	807	16	20
asset	zone_tiles/zone_tile_stonebrick_wall_r5_cap_s.png	651	807	16	20
asset	zone_tiles/zone_tile_stonebrick_wall_r5_cap_w.png	701	807	16	20
asset	zone_tiles/zone_tile_stonebrick_wall_r5_corner_ne.png	751	807	16	20
asset	zone_tiles/zone_tile_stonebrick_wall_r5_corner_ne_inner_sw.png	801	807	16	20
asset	zone_tiles/zone_tile_stonebrick_wall_r5_corner_nw.png	851	807	16	20
asset	zone_tiles/zone_tile_stonebrick_wall_r5_corner_nw_inner_se.png	901	807	16	20
asset	zone_tiles/zone_tile_stonebrick_wall_r5_corner_se.png	951	807	16	20
asset	zone_tiles/zone_tile_stonebrick_wall_r5_corner_se_inner_nw.png	1001	807	16	20
asset	zone_tiles/zone_tile_stonebrick_wall_r5_corner_sw.png	1051	807	16	20
asset	zone_tiles/zone_tile_stonebrick_wall_r5_corner_sw_inner_ne.png	1101	807	16	20
asset	zone_tiles/zone_tile_stonebrick_wall_r5_edge_e.png	1151	807	16	20
asset	zone_tiles/zone_tile_stonebrick_wall_r5_edge_e_inner_nw.png	1201	807	16	20
asset	zone_tiles/zone_tile_stonebrick_wall_r5_edge_e_inner_sw.png	1251	807	16	20
asset	zone_tiles/zone_tile_stonebrick_wall_r5_edge_e_inner_sw_nw.png	1301	807	16	20
asset	zone_tiles/zone_tile_stonebrick_wall_r5_edge_n.png	1351	807	16	20
asset	zone_tiles/zone_tile_stonebrick_wall_r5_edge_n_inner_se.png	1401	807	16	20
asset	zone_tiles/zone_tile_stonebrick_wall_r5_edge_n_inner_se_sw.png	1451	807	16	20
asset	zone_tiles/zone_tile_stonebrick_wall_r5_edge_n_inner_sw.png	1501	807	16	20
asset	zone_tiles/zone_tile_stonebrick_wall_r5_edge_s.png	1	869	16	20
asset	zone_tiles/zone_tile_stonebrick_wall_r5_edge_s_inner_ne.png	51	869	16	20
asset	zone_tiles/zone_tile_stonebrick_wall_r5_edge_s_inner_ne_nw.png	101	869	16	20
asset	zone_tiles/zone_tile_stonebrick_wall_r5_edge_s_inner_nw.png	151	869	16	20
asset	zone_tiles/zone_tile_stonebrick_wall_r5_edge_w.png	201	869	16	20
asset	zone_tiles/zone_tile_stonebrick_wall_r5_edge_w_inner_ne.png	251	869	16	20
asset	zone_tiles/zone_tile_stonebrick_wall_r5_edge_w_inner_ne_se.png	301	869	16	20
asset	zone_tiles/zone_tile_stonebrick_wall_r5_edge_w_inner_se.png	351	869	16	20
asset	zone_tiles/zone_tile_stonebrick_wall_r5_fill.png	401	869	16	20
asset	zone_tiles/zone_tile_stonebrick_wall_r5_fill_inner_ne.png	451	869	16	20
asset	zone_tiles/zone_tile_stonebrick_wall_r5_fill_inner_ne_nw.png	501	869	16	20
asset	zone_tiles/zone_tile_stonebrick_wall_r5_fill_inner_ne_se.png	551	869	16	20
asset	zone_tiles/zone_tile_stonebrick_wall_r5_fill_inner_ne_se_nw.png	601	869	16	20
asset	zone_tiles/zone_tile_stonebrick_wall_r5_fill_inner_ne_se_sw.png	651	869	16	20
asset	zone_tiles/zone_tile_stonebrick_wall_r5_fill_inner_ne_se_sw_nw.png	701	869	16	20
asset	zone_tiles/zone_tile_stonebrick_wall_r5_fill_inner_ne_sw.png	751	869	16	20
asset	zone_tiles/zone_tile_stonebrick_wall_r5_fill_inner_ne_sw_nw.png	801	869	16	20
asset	zone_tiles/zone_tile_stonebrick_wall_r5_fill_inner_nw.png	851	869	16	20
asset	zone_tiles/zone_tile_stonebrick_wall_r5_fill_inner_se.png	901	869	16	20
asset	zone_tiles/zone_tile_stonebrick_wall_r5_fill_inner_se_nw.png	951	869	16	20
asset	zone_tiles/zone_tile_stonebrick_wall_r5_fill_inner_se_sw.png	1001	869	16	20
asset	zone_tiles/zone_tile_stonebrick_wall_r5_fill_inner_se_sw_nw.png	1051	869	16	20
asset	zone_tiles/zone_tile_stonebrick_wall_r5_fill_inner_sw.png	1101	869	16	20
asset	zone_tiles/zone_tile_stonebrick_wall_r5_fill_inner_sw_nw.png	1151	869	16	20
asset	zone_tiles/zone_tile_stonebrick_wall_r5_narrow_h.png	1201	869	16	20
asset	zone_tiles/zone_tile_stonebrick_wall_r5_narrow_v.png	1251	869	16	20
asset	zone_tiles/zone_tile_stonebrick_wall_r5_single.png	1301	869	16	20
asset	zone_tiles/zone_tile_stonebrick_wall_r6_cap_e.png	1351	869	16	20
asset	zone_tiles/zone_tile_stonebrick_wall_r6_cap_n.png	1401	869	16	20
asset	zone_tiles/zone_tile_stonebrick_wall_r6_cap_s.png	1451	869	16	20
asset	zone_tiles/zone_tile_stonebrick_wall_r6_cap_w.png	1501	869	16	20
asset	zone_tiles/zone_tile_stonebrick_wall_r6_corner_ne.png	1	931	16	20
asset	zone_tiles/zone_tile_stonebrick_wall_r6_corner_ne_inner_sw.png	51	931	16	20
asset	zone_tiles/zone_tile_stonebrick_wall_r6_corner_nw.png	101	931	16	20
asset	zone_tiles/zone_tile_stonebrick_wall_r6_corner_nw_inner_se.png	151	931	16	20
asset	zone_tiles/zone_tile_stonebrick_wall_r6_corner_se.png	201	931	16	20
asset	zone_tiles/zone_tile_stonebrick_wall_r6_corner_se_inner_nw.png	251	931	16	20
asset	zone_tiles/zone_tile_stonebrick_wall_r6_corner_sw.png	301	931	16	20
asset	zone_tiles/zone_tile_stonebrick_wall_r6_corner_sw_inner_ne.png	351	931	16	20
asset	zone_tiles/zone_tile_stonebrick_wall_r6_edge_e.png	401	931	16	20
asset	zone_tiles/zone_tile_stonebrick_wall_r6_edge_e_inner_nw.png	451	931	16	20
asset	zone_tiles/zone_tile_stonebrick_wall_r6_edge_e_inner_sw.png	501	931	16	20
asset	zone_tiles/zone_tile_stonebrick_wall_r6_edge_e_inner_sw_nw.png	551	931	16	20
asset	zone_tiles/zone_tile_stonebrick_wall_r6_edge_n.png	601	931	16	20
asset	zone_tiles/zone_tile_stonebrick_wall_r6_edge_n_inner_se.png	651	931	16	20
asset	zone_tiles/zone_tile_stonebrick_wall_r6_edge_n_inner_se_sw.png	701	931	16	20
asset	zone_tiles/zone_tile_stonebrick_wall_r6_edge_n_inner_sw.png	751	931	16	20
asset	zone_tiles/zone_tile_stonebrick_wall_r6_edge_s.png	801	931	16	20
asset	zone_tiles/zone_tile_stonebrick_wall_r6_edge_s_inner_ne.png	851	931	16	20
asset	zone_tiles/zone_tile_stonebrick_wall_r6_edge_s_inner_ne_nw.png	901	931	16	20
asset	zone_tiles/zone_tile_stonebrick_wall_r6_edge_s_inner_nw.png	951	931	16	20
asset	zone_tiles/zone_tile_stonebrick_wall_r6_edge_w.png	1001	931	16	20
asset	zone_tiles/zone_tile_stonebrick_wall_r6_edge_w_inner_ne.png	1051	931	16	20
asset	zone_tiles/zone_tile_stonebrick_wall_r6_edge_w_inner_ne_se.png	1101	931	16	20
asset	zone_tiles/zone_tile_stonebrick_wall_r6_edge_w_inner_se.png	1151	931	16	20
asset	zone_tiles/zone_tile_stonebrick_wall_r6_fill.png	1201	931	16	20
asset	zone_tiles/zone_tile_stonebrick_wall_r6_fill_inner_ne.png	1251	931	16	20
asset	zone_tiles/zone_tile_stonebrick_wall_r6_fill_inner_ne_nw.png	1301	931	16	20
asset	zone_tiles/zone_tile_stonebrick_wall_r6_fill_inner_ne_se.png	1351	931	16	20
asset	zone_tiles/zone_tile_stonebrick_wall_r6_fill_inner_ne_se_nw.png	1401	931	16	20
asset	zone_tiles/zone_tile_stonebrick_wall_r6_fill_inner_ne_se_sw.png	1451	931	16	20
asset	zone_tiles/zone_tile_stonebrick_wall_r6_fill_inner_ne_se_sw_nw.png	1501	931	16	20
asset	zone_tiles/zone_tile_stonebrick_wall_r6_fill_inner_ne_sw.png	1	993	16	20
asset	zone_tiles/zone_tile_stonebrick_wall_r6_fill_inner_ne_sw_nw.png	51	993	16	20
asset	zone_tiles/zone_tile_stonebrick_wall_r6_fill_inner_nw.png	101	993	16	20
asset	zone_tiles/zone_tile_stonebrick_wall_r6_fill_inner_se.png	151	993	16	20
asset	zone_tiles/zone_tile_stonebrick_wall_r6_fill_inner_se_nw.png	201	993	16	20
asset	zone_tiles/zone_tile_stonebrick_wall_r6_fill_inner_se_sw.png	251	993	16	20
asset	zone_tiles/zone_tile_stonebrick_wall_r6_fill_inner_se_sw_nw.png	301	993	16	20
asset	zone_tiles/zone_tile_stonebrick_wall_r6_fill_inner_sw.png	351	993	16	20
asset	zone_tiles/zone_tile_stonebrick_wall_r6_fill_inner_sw_nw.png	401	993	16	20
asset	zone_tiles/zone_tile_stonebrick_wall_r6_narrow_h.png	451	993	16	20
asset	zone_tiles/zone_tile_stonebrick_wall_r6_narrow_v.png	501	993	16	20
asset	zone_tiles/zone_tile_stonebrick_wall_r6_single.png	551	993	16	20
asset	zone_tiles/zone_tile_stonebrick_wall_r7_cap_e.png	601	993	16	20
asset	zone_tiles/zone_tile_stonebrick_wall_r7_cap_n.png	651	993	16	20
asset	zone_tiles/zone_tile_stonebrick_wall_r7_cap_s.png	701	993	16	20
asset	zone_tiles/zone_tile_stonebrick_wall_r7_cap_w.png	751	993	16	20
asset	zone_tiles/zone_tile_stonebrick_wall_r7_corner_ne.png	801	993	16	20
asset	zone_tiles/zone_tile_stonebrick_wall_r7_corner_ne_inner_sw.png	851	993	16	20
asset	zone_tiles/zone_tile_stonebrick_wall_r7_corner_nw.png	901	993	16	20
asset	zone_tiles/zone_tile_stonebrick_wall_r7_corner_nw_inner_se.png	951	993	16	20
asset	zone_tiles/zone_tile_stonebrick_wall_r7_corner_se.png	1001	993	16	20
asset	zone_tiles/zone_tile_stonebrick_wall_r7_corner_se_inner_nw.png	1051	993	16	20
asset	zone_tiles/zone_tile_stonebrick_wall_r7_corner_sw.png	1101	993	16	20
asset	zone_tiles/zone_tile_stonebrick_wall_r7_corner_sw_inner_ne.png	1151	993	16	20
asset	zone_tiles/zone_tile_stonebrick_wall_r7_edge_e.png	1201	993	16	20
asset	zone_tiles/zone_tile_stonebrick_wall_r7_edge_e_inner_nw.png	1251	993	16	20
asset	zone_tiles/zone_tile_stonebrick_wall_r7_edge_e_inner_sw.png	1301	993	16	20
asset	zone_tiles/zone_tile_stonebrick_wall_r7_edge_e_inner_sw_nw.png	1351	993	16	20
asset	zone_tiles/zone_tile_stonebrick_wall_r7_edge_n.png	1401	993	16	20
asset	zone_tiles/zone_tile_stonebrick_wall_r7_edge_n_inner_se.png	1451	993	16	20
asset	zone_tiles/zone_tile_stonebrick_wall_r7_edge_n_inner_se_sw.png	1501	993	16	20
asset	zone_tiles/zone_tile_stonebrick_wall_r7_edge_n_inner_sw.png	1	1055	16	20
asset	zone_tiles/zone_tile_stonebrick_wall_r7_edge_s.png	51	1055	16	20
asset	zone_tiles/zone_tile_stonebrick_wall_r7_edge_s_inner_ne.png	101	1055	16	20
asset	zone_tiles/zone_tile_stonebrick_wall_r7_edge_s_inner_ne_nw.png	151	1055	16	20
asset	zone_tiles/zone_tile_stonebrick_wall_r7_edge_s_inner_nw.png	201	1055	16	20
asset	zone_tiles/zone_tile_stonebrick_wall_r7_edge_w.png	251	1055	16	20
asset	zone_tiles/zone_tile_stonebrick_wall_r7_edge_w_inner_ne.png	301	1055	16	20
asset	zone_tiles/zone_tile_stonebrick_wall_r7_edge_w_inner_ne_se.png	351	1055	16	20
asset	zone_tiles/zone_tile_stonebrick_wall_r7_edge_w_inner_se.png	401	1055	16	20
asset	zone_tiles/zone_tile_stonebrick_wall_r7_fill.png	451	1055	16	20
asset	zone_tiles/zone_tile_stonebrick_wall_r7_fill_inner_ne.png	501	1055	16	20
asset	zone_tiles/zone_tile_stonebrick_wall_r7_fill_inner_ne_nw.png	551	1055	16	20
asset	zone_tiles/zone_tile_stonebrick_wall_r7_fill_inner_ne_se.png	601	1055	16	20
asset	zone_tiles/zone_tile_stonebrick_wall_r7_fill_inner_ne_se_nw.png	651	1055	16	20
asset	zone_tiles/zone_tile_stonebrick_wall_r7_fill_inner_ne_se_sw.png	701	1055	16	20
asset	zone_tiles/zone_tile_stonebrick_wall_r7_fill_inner_ne_se_sw_nw.png	751	1055	16	20
asset	zone_tiles/zone_tile_stonebrick_wall_r7_fill_inner_ne_sw.png	801	1055	16	20
asset	zone_tiles/zone_tile_stonebrick_wall_r7_fill_inner_ne_sw_nw.png	851	1055	16	20
asset	zone_tiles/zone_tile_stonebrick_wall_r7_fill_inner_nw.png	901	1055	16	20
asset	zone_tiles/zone_tile_stonebrick_wall_r7_fill_inner_se.png	951	1055	16	20
asset	zone_tiles/zone_tile_stonebrick_wall_r7_fill_inner_se_nw.png	1001	1055	16	20
asset	zone_tiles/zone_tile_stonebrick_wall_r7_fill_inner_se_sw.png	1051	1055	16	20
asset	zone_tiles/zone_tile_stonebrick_wall_r7_fill_inner_se_sw_nw.png	1101	1055	16	20
asset	zone_tiles/zone_tile_stonebrick_wall_r7_fill_inner_sw.png	1151	1055	16	20
asset	zone_tiles/zone_tile_stonebrick_wall_r7_fill_inner_sw_nw.png	1201	1055	16	20
asset	zone_tiles/zone_tile_stonebrick_wall_r7_narrow_h.png	1251	1055	16	20
asset	zone_tiles/zone_tile_stonebrick_wall_r7_narrow_v.png	1301	1055	16	20
asset	zone_tiles/zone_tile_stonebrick_wall_r7_single.png	1351	1055	16	20
asset	zone_tiles/zone_tile_wall_shadow.png	1401	1055	16	20
asset	zone_tiles/zone_tile_wall_shadow_fringe_e.png	1451	1055	16	20
asset	zone_tiles/zone_tile_wall_shadow_fringe_n.png	1501	1055	16	20
asset	zone_tiles/zone_tile_wall_shadow_fringe_ne.png	1	1117	16	20
asset	zone_tiles/zone_tile_wall_shadow_fringe_nw.png	51	1117	16	20
asset	zone_tiles/zone_tile_wall_shadow_fringe_s.png	101	1117	16	20
asset	zone_tiles/zone_tile_wall_shadow_fringe_se.png	151	1117	16	20
asset	zone_tiles/zone_tile_wall_shadow_fringe_sw.png	201	1117	16	20
asset	zone_tiles/zone_tile_wall_shadow_fringe_w.png	251	1117	16	20
asset	zone_tiles/zone_tile_whitebrick_floor.png	501	1365	16	20
asset	zone_tiles/zone_tile_whitebrick_wall_cap_e.png	301	1117	16	20
asset	zone_tiles/zone_tile_whitebrick_wall_cap_n.png	351	1117	16	20
asset	zone_tiles/zone_tile_whitebrick_wall_cap_s.png	401	1117	16	20
asset	zone_tiles/zone_tile_whitebrick_wall_cap_w.png	451	1117	16	20
asset	zone_tiles/zone_tile_whitebrick_wall_corner_ne.png	501	1117	16	20
asset	zone_tiles/zone_tile_whitebrick_wall_corner_ne_inner_sw.png	551	1117	16	20
asset	zone_tiles/zone_tile_whitebrick_wall_corner_nw.png	601	1117	16	20
asset	zone_tiles/zone_tile_whitebrick_wall_corner_nw_inner_se.png	651	1117	16	20
asset	zone_tiles/zone_tile_whitebrick_wall_corner_se.png	701	1117	16	20
asset	zone_tiles/zone_tile_whitebrick_wall_corner_se_inner_nw.png	751	1117	16	20
asset	zone_tiles/zone_tile_whitebrick_wall_corner_sw.png	801	1117	16	20
asset	zone_tiles/zone_tile_whitebrick_wall_corner_sw_inner_ne.png	851	1117	16	20
asset	zone_tiles/zone_tile_whitebrick_wall_edge_e.png	901	1117	16	20
asset	zone_tiles/zone_tile_whitebrick_wall_edge_e_inner_nw.png	951	1117	16	20
asset	zone_tiles/zone_tile_whitebrick_wall_edge_e_inner_sw.png	1001	1117	16	20
asset	zone_tiles/zone_tile_whitebrick_wall_edge_e_inner_sw_nw.png	1051	1117	16	20
asset	zone_tiles/zone_tile_whitebrick_wall_edge_n.png	1101	1117	16	20
asset	zone_tiles/zone_tile_whitebrick_wall_edge_n_inner_se.png	1151	1117	16	20
asset	zone_tiles/zone_tile_whitebrick_wall_edge_n_inner_se_sw.png	1201	1117	16	20
asset	zone_tiles/zone_tile_whitebrick_wall_edge_n_inner_sw.png	1251	1117	16	20
asset	zone_tiles/zone_tile_whitebrick_wall_edge_s.png	1301	1117	16	20
asset	zone_tiles/zone_tile_whitebrick_wall_edge_s_inner_ne.png	1351	1117	16	20
asset	zone_tiles/zone_tile_whitebrick_wall_edge_s_inner_ne_nw.png	1401	1117	16	20
asset	zone_tiles/zone_tile_whitebrick_wall_edge_s_inner_nw.png	1451	1117	16	20
asset	zone_tiles/zone_tile_whitebrick_wall_edge_w.png	1501	1117	16	20
asset	zone_tiles/zone_tile_whitebrick_wall_edge_w_inner_ne.png	1	1179	16	20
asset	zone_tiles/zone_tile_whitebrick_wall_edge_w_inner_ne_se.png	51	1179	16	20
asset	zone_tiles/zone_tile_whitebrick_wall_edge_w_inner_se.png	101	1179	16	20
asset	zone_tiles/zone_tile_whitebrick_wall_fill.png	151	1179	16	20
asset	zone_tiles/zone_tile_whitebrick_wall_fill_inner_ne.png	201	1179	16	20
asset	zone_tiles/zone_tile_whitebrick_wall_fill_inner_ne_nw.png	251	1179	16	20
asset	zone_tiles/zone_tile_whitebrick_wall_fill_inner_ne_se.png	301	1179	16	20
asset	zone_tiles/zone_tile_whitebrick_wall_fill_inner_ne_se_nw.png	351	1179	16	20
asset	zone_tiles/zone_tile_whitebrick_wall_fill_inner_ne_se_sw.png	401	1179	16	20
asset	zone_tiles/zone_tile_whitebrick_wall_fill_inner_ne_se_sw_nw.png	451	1179	16	20
asset	zone_tiles/zone_tile_whitebrick_wall_fill_inner_ne_sw.png	501	1179	16	20
asset	zone_tiles/zone_tile_whitebrick_wall_fill_inner_ne_sw_nw.png	551	1179	16	20
asset	zone_tiles/zone_tile_whitebrick_wall_fill_inner_nw.png	601	1179	16	20
asset	zone_tiles/zone_tile_whitebrick_wall_fill_inner_se.png	651	1179	16	20
asset	zone_tiles/zone_tile_whitebrick_wall_fill_inner_se_nw.png	701	1179	16	20
asset	zone_tiles/zone_tile_whitebrick_wall_fill_inner_se_sw.png	751	1179	16	20
asset	zone_tiles/zone_tile_whitebrick_wall_fill_inner_se_sw_nw.png	801	1179	16	20
asset	zone_tiles/zone_tile_whitebrick_wall_fill_inner_sw.png	851	1179	16	20
asset	zone_tiles/zone_tile_whitebrick_wall_fill_inner_sw_nw.png	901	1179	16	20
asset	zone_tiles/zone_tile_whitebrick_wall_narrow_h.png	951	1179	16	20
asset	zone_tiles/zone_tile_whitebrick_wall_narrow_v.png	1001	1179	16	20
asset	zone_tiles/zone_tile_whitebrick_wall_single.png	1051	1179	16	20
asset	zone_tiles/zone_tile_wood_floor_r0.png	551	1365	16	20
asset	zone_tiles/zone_tile_wood_floor_r1.png	601	1365	16	20
asset	zone_tiles/zone_tile_wood_floor_r2.png	651	1365	16	20
asset	zone_tiles/zone_tile_wood_floor_r3.png	701	1365	16	20
asset	zone_tiles/zone_tile_wood_floor_r4.png	751	1365	16	20
asset	zone_tiles/zone_tile_wood_wall_r0_bl.png	1101	1179	16	20
asset	zone_tiles/zone_tile_wood_wall_r0_br.png	1151	1179	16	20
asset	zone_tiles/zone_tile_wood_wall_r0_cross.png	1201	1179	16	20
asset	zone_tiles/zone_tile_wood_wall_r0_end_e.png	1251	1179	16	20
asset	zone_tiles/zone_tile_wood_wall_r0_end_n.png	1301	1179	16	20
asset	zone_tiles/zone_tile_wood_wall_r0_end_s.png	1351	1179	16	20
asset	zone_tiles/zone_tile_wood_wall_r0_end_w.png	1401	1179	16	20
asset	zone_tiles/zone_tile_wood_wall_r0_h.png	1451	1179	16	20
asset	zone_tiles/zone_tile_wood_wall_r0_single.png	1501	1179	16	20
asset	zone_tiles/zone_tile_wood_wall_r0_tee_esw.png	1	1241	16	20
asset	zone_tiles/zone_tile_wood_wall_r0_tee_nes.png	51	1241	16	20
asset	zone_tiles/zone_tile_wood_wall_r0_tee_new.png	101	1241	16	20
asset	zone_tiles/zone_tile_wood_wall_r0_tee_nsw.png	151	1241	16	20
asset	zone_tiles/zone_tile_wood_wall_r0_tl.png	201	1241	16	20
asset	zone_tiles/zone_tile_wood_wall_r0_tr.png	251	1241	16	20
asset	zone_tiles/zone_tile_wood_wall_r0_v.png	301	1241	16	20
asset	zone_tiles/zone_tile_wood_wall_r1_bl.png	351	1241	16	20
asset	zone_tiles/zone_tile_wood_wall_r1_br.png	401	1241	16	20
asset	zone_tiles/zone_tile_wood_wall_r1_cross.png	451	1241	16	20
asset	zone_tiles/zone_tile_wood_wall_r1_end_e.png	501	1241	16	20
asset	zone_tiles/zone_tile_wood_wall_r1_end_n.png	551	1241	16	20
asset	zone_tiles/zone_tile_wood_wall_r1_end_s.png	601	1241	16	20
asset	zone_tiles/zone_tile_wood_wall_r1_end_w.png	651	1241	16	20
asset	zone_tiles/zone_tile_wood_wall_r1_h.png	701	1241	16	20
asset	zone_tiles/zone_tile_wood_wall_r1_single.png	751	1241	16	20
asset	zone_tiles/zone_tile_wood_wall_r1_tee_esw.png	801	1241	16	20
asset	zone_tiles/zone_tile_wood_wall_r1_tee_nes.png	851	1241	16	20
asset	zone_tiles/zone_tile_wood_wall_r1_tee_new.png	901	1241	16	20
asset	zone_tiles/zone_tile_wood_wall_r1_tee_nsw.png	951	1241	16	20
asset	zone_tiles/zone_tile_wood_wall_r1_tl.png	1001	1241	16	20
asset	zone_tiles/zone_tile_wood_wall_r1_tr.png	1051	1241	16	20
asset	zone_tiles/zone_tile_wood_wall_r1_v.png	1101	1241	16	20
asset	zone_tiles/zone_tile_wood_wall_r2_bl.png	1151	1241	16	20
asset	zone_tiles/zone_tile_wood_wall_r2_br.png	1201	1241	16	20
asset	zone_tiles/zone_tile_wood_wall_r2_cross.png	1251	1241	16	20
asset	zone_tiles/zone_tile_wood_wall_r2_end_e.png	1301	1241	16	20
asset	zone_tiles/zone_tile_wood_wall_r2_end_n.png	1351	1241	16	20
asset	zone_tiles/zone_tile_wood_wall_r2_end_s.png	1401	1241	16	20
asset	zone_tiles/zone_tile_wood_wall_r2_end_w.png	1451	1241	16	20
asset	zone_tiles/zone_tile_wood_wall_r2_h.png	1501	1241	16	20
asset	zone_tiles/zone_tile_wood_wall_r2_single.png	1	1303	16	20
asset	zone_tiles/zone_tile_wood_wall_r2_tee_esw.png	51	1303	16	20
asset	zone_tiles/zone_tile_wood_wall_r2_tee_nes.png	101	1303	16	20
asset	zone_tiles/zone_tile_wood_wall_r2_tee_new.png	151	1303	16	20
asset	zone_tiles/zone_tile_wood_wall_r2_tee_nsw.png	201	1303	16	20
asset	zone_tiles/zone_tile_wood_wall_r2_tl.png	251	1303	16	20
asset	zone_tiles/zone_tile_wood_wall_r2_tr.png	301	1303	16	20
asset	zone_tiles/zone_tile_wood_wall_r2_v.png	351	1303	16	20
asset	zone_tiles/zone_tile_wood_wall_r3_bl.png	401	1303	16	20
asset	zone_tiles/zone_tile_wood_wall_r3_br.png	451	1303	16	20
asset	zone_tiles/zone_tile_wood_wall_r3_cross.png	501	1303	16	20
asset	zone_tiles/zone_tile_wood_wall_r3_end_e.png	551	1303	16	20
asset	zone_tiles/zone_tile_wood_wall_r3_end_n.png	601	1303	16	20
asset	zone_tiles/zone_tile_wood_wall_r3_end_s.png	651	1303	16	20
asset	zone_tiles/zone_tile_wood_wall_r3_end_w.png	701	1303	16	20
asset	zone_tiles/zone_tile_wood_wall_r3_h.png	751	1303	16	20
asset	zone_tiles/zone_tile_wood_wall_r3_single.png	801	1303	16	20
asset	zone_tiles/zone_tile_wood_wall_r3_tee_esw.png	851	1303	16	20
asset	zone_tiles/zone_tile_wood_wall_r3_tee_nes.png	901	1303	16	20
asset	zone_tiles/zone_tile_wood_wall_r3_tee_new.png	951	1303	16	20
asset	zone_tiles/zone_tile_wood_wall_r3_tee_nsw.png	1001	1303	16	20
asset	zone_tiles/zone_tile_wood_wall_r3_tl.png	1051	1303	16	20
asset	zone_tiles/zone_tile_wood_wall_r3_tr.png	1101	1303	16	20
asset	zone_tiles/zone_tile_wood_wall_r3_v.png	1151	1303	16	20
